GPS Latitude °,GPS Longitude °,Date (MM/DD/YYYY),Time,Time (Fract. Sec),Site Name,Chlorophyll RFU,Chlorophyll ug/L,Cond µS/cm,Depth m,fDOM QSU,fDOM RFU,nLF Cond µS/cm,ODO % sat,ODO % CB,ODO mg/L,Pressure psi a,Sal psu,SpCond µS/cm,TAL PE RFU,TAL PE ug/L,TDS mg/L,Turbidity FNU,TSS mg/L,pH,pH mV,Temp °C,Vertical Position m,Altitude m,Battery V,Cable Pwr V,Barometer mmHg,geometry,ProdID,CoordID,Name,Latitude,Longitude,PixelX,PixelY,Date(yyyy-MM-dd),Time(HH_mm_ss),lon,lat,sza,vza,raa,rhot_443,rhos_443,rhot_492,rhos_492,rhot_560,rhos_560,rhot_665,rhos_665,rhot_704,rhos_704,rhot_740,rhos_740,rhot_783,rhos_783,rhot_833,rhos_833,rhot_865,rhos_865,rhot_945,rhot_1373,rhot_1614,rhos_1614,rhot_2202,rhos_2202
25.90926,-80.13665,10/7/22,13:10:37,0,<None>,0.39,1.67,50291.2,0.17,18.69,6.24,47335.4,94.6,94.6,6.24,0.246,30.93,47623.5,0.74,2.02,30955,0.02,0,7.86,-75.1,27.933,-0.138,3.1,5.83,12.1,1443.6,POINT (-80.13665 25.90926),0,1,ID00000250,25.909218,-80.136604,512.5,94.5, , ,-80.1366043091,25.9092178345,34.9838562012,2.7154965401,19.6107788086,0.1254000068,0.0245184787,0.0957000032,0.0259398911,0.0705000013,0.0279658772,0.0384999998,0.0074378513,0.0388999991,0.0119645819,0.0408999994,0.0164018199,0.0355000012,0.0119333463,0.0254999995,0.0045685191,0.0397000015,0.0189329274,0.0074999998,7.999999797903001E-4,0.0190999992,0.0056221327,0.0110999998,8.98502767086029E-4
25.90924,-80.13667,10/7/22,13:10:52,0,<None>,0.38,1.61,50292.8,0.065,19.81,6.61,47337.3,94.8,94.8,6.25,0.094,30.93,47625.3,0.79,2.17,30956,-0.26,0,7.84,-74.2,27.932,0.017,2.5,5.83,12.1,1443.6,POINT (-80.13667 25.90924),0,2,ID00000251,25.909218,-80.136703,511.5,94.5, , ,-80.1367034912,25.9092178345,34.9838562012,2.7154965401,19.6107788086,0.1254000068,0.0245210063,0.0918999985,0.0213054996,0.0697000027,0.0270034857,0.0340999998,0.0025252234,0.0388999991,0.0119661605,0.0408999994,0.0164032951,0.0355000012,0.0119347796,0.0226000007,0.0013683951,0.0397000015,0.018934194,0.0074999998,7.999999797903001E-4,0.0190999992,0.0056228638,0.0110999998,8.986266329884529E-4
25.90923,-80.13665,10/7/22,13:11:07,0,<None>,0.42,1.78,50184.8,-0.02,19.77,6.6,47237.2,95,95,6.27,-0.029,30.85,47524.5,0.76,2.09,30891,-0.3,0,7.84,-74.3,27.931,-0.022,1.6,5.83,12.1,1443.6,POINT (-80.13665 25.90923),0,3,ID00000252,25.909218,-80.136604,512.5,94.5, , ,-80.1366043091,25.9092178345,34.9838562012,2.7154965401,19.6107788086,0.1254000068,0.0245184787,0.0957000032,0.0259398911,0.0705000013,0.0279658772,0.0384999998,0.0074378513,0.0388999991,0.0119645819,0.0408999994,0.0164018199,0.0355000012,0.0119333463,0.0254999995,0.0045685191,0.0397000015,0.0189329274,0.0074999998,7.999999797903001E-4,0.0190999992,0.0056221327,0.0110999998,8.98502767086029E-4
25.90927,-80.1366,10/7/22,13:11:22,0,<None>,0.4,1.69,50566.7,-0.017,19.04,6.35,47597.2,95.1,95.1,6.27,-0.025,31.12,47886.6,0.81,2.23,31126,-0.28,0,7.84,-74.4,27.93,-0.091,1.4,5.83,12.1,1443.6,POINT (-80.1366 25.90927),0,4,ID00000253,25.909307,-80.136604,512.5,93.5, , ,-80.1366043091,25.9093074799,34.9838562012,2.7154965401,19.6107788086,0.1254000068,0.0287652947,0.0930000022,0.0277057961,0.0692000017,0.0322063863,0.0313000008,0.0057856059,0.0292000007,0.0076924609,0.0289999992,0.0099987434,0.0326000005,0.0155447572,0.0218000002,0.0072384793,0.0267999992,0.0123407962,0.0074999998,7.999999797903001E-4,0.0137999998,0.0069187423,0.0049000001,2.850187011063099E-4
25.90929,-80.13654,10/7/22,13:11:37,0,<None>,0.36,1.53,51278.2,-0.05,17.39,5.81,48267.3,94.4,94.4,6.21,-0.072,31.61,48560.7,0.74,2.04,31564,-0.25,0,7.85,-74.9,27.93,-0.073,1.3,5.83,12.1,1443.6,POINT (-80.13654 25.90929),0,5,ID00000254,25.909307,-80.136505,513.5,93.5, , ,-80.136505127,25.9093074799,34.9838562012,2.7154965401,19.6107788086,0.1254000068,0.0242417976,0.0926000029,0.0218290854,0.0665000007,0.0227664188,0.0342000015,0.0022211047,0.0384000018,0.0109868497,0.0368999988,0.0116029726,0.0452000014,0.0217815172,0.0189999994,-0.0030459054,0.0340999998,0.0126832901,0.0074999998,7.999999797903001E-4,0.0197999999,0.0059161438,0.0115,9.379377588629723E-4
25.9093,-80.13645,10/7/22,13:11:52,0,<None>,0.45,1.9,50383.8,-0.077,19.55,6.53,47408.5,94.9,94.9,6.26,-0.111,30.98,47698.5,0.72,1.98,31004,-0.3,0,7.85,-74.5,27.948,-0.141,0.7,5.83,12.1,1443.6,POINT (-80.13645 25.9093),0,6,ID00000255,25.909306,-80.136406,514.5,93.5, , ,-80.1364059448,25.9093055725,34.9838562012,2.7154965401,19.6107788086,0.1254000068,0.0242392719,0.0873999968,0.0154735986,0.0703999996,0.0274669975,0.0308999997,-0.0014684135,0.0384000018,0.0109852599,0.0368999988,0.0116014695,0.0452000014,0.0217801519,0.0201999992,-0.0017220387,0.0340999998,0.0126819825,0.0074999998,7.999999797903001E-4,0.0197999999,0.0059154145,0.0115,9.378101676702499E-4
25.90933,-80.13637,10/7/22,13:12:07,0,<None>,0.39,1.64,50300.4,-0.114,20.35,6.79,47317.1,94.9,94.9,6.26,-0.165,30.91,47607.9,0.7,1.92,30945,-0.29,0,7.84,-74,27.961,-0.164,0.1,5.83,12.1,1443.6,POINT (-80.13637 25.90933),0,7,ID00000256,25.909306,-80.136406,514.5,93.5, , ,-80.1364059448,25.9093055725,34.9838562012,2.7154965401,19.6107788086,0.1254000068,0.0242392719,0.0873999968,0.0154735986,0.0703999996,0.0274669975,0.0308999997,-0.0014684135,0.0384000018,0.0109852599,0.0368999988,0.0116014695,0.0452000014,0.0217801519,0.0201999992,-0.0017220387,0.0340999998,0.0126819825,0.0074999998,7.999999797903001E-4,0.0197999999,0.0059154145,0.0115,9.378101676702499E-4
25.90938,-80.13631,10/7/22,13:12:22,0,<None>,0.42,1.79,50510,-0.142,19.91,6.64,47515.5,94.7,94.7,6.24,-0.206,31.06,47807.4,0.75,2.06,31075,-0.29,0,7.84,-74.1,27.96,-0.158,-0.7,5.83,12.1,1443.6,POINT (-80.13631 25.90938),0,8,ID00000257,25.909395,-80.136307,515.5,92.5, , ,-80.1363067627,25.9093952179,34.9836044312,2.7114598751,19.5588378906,0.123999998,0.0246707331,0.0926000029,0.0245173946,0.0769999996,0.0385040119,0.0423999988,0.0147751886,0.0357000008,0.0114495754,0.0394000001,0.0178482234,0.0355999991,0.0151624996,0.0317000002,0.0145655256,0.0346999988,0.0169198215,0.0070000002,5.000000237487257E-4,0.0156999994,0.005252847,0.0082,6.112274713814259E-4
25.90941,-80.13629,10/7/22,13:12:37,0,<None>,0.4,1.71,50969.5,-0.114,18.81,6.28,47945.1,94.1,94.1,6.19,-0.165,31.37,48240,0.79,2.18,31356,-0.25,0,7.84,-74.4,27.962,-0.094,-0.8,5.83,12.1,1443.5,POINT (-80.13629 25.90941),0,9,ID00000258,25.909395,-80.136307,515.5,92.5, , ,-80.1363067627,25.9093952179,34.9836044312,2.7114598751,19.5588378906,0.123999998,0.0246707331,0.0926000029,0.0245173946,0.0769999996,0.0385040119,0.0423999988,0.0147751886,0.0357000008,0.0114495754,0.0394000001,0.0178482234,0.0355999991,0.0151624996,0.0317000002,0.0145655256,0.0346999988,0.0169198215,0.0070000002,5.000000237487257E-4,0.0156999994,0.005252847,0.0082,6.112274713814259E-4
25.90947,-80.13631,10/7/22,13:12:52,0,<None>,0.34,1.44,50701.2,-0.076,18.71,6.24,47691,94.1,94.1,6.2,-0.11,31.19,47984.4,0.72,1.99,31190,-0.29,0,7.84,-74.4,27.964,-0.081,-1,5.83,12.1,1443.6,POINT (-80.13631 25.90947),0,10,ID00000259,25.909487,-80.136299,515.5,91.5, , ,-80.1362991333,25.9094867706,34.9836044312,2.7114598751,19.5588378906,0.123999998,0.0227527414,0.1077999994,0.0407384522,0.1181999967,0.0852171481,0.0698999986,0.0425178856,0.0546000004,0.0294976849,0.053199999,0.0299329385,0.0483999997,0.0257074758,0.0744000003,0.0585332438,0.0544999987,0.0343810767,0.0070000002,5.000000237487257E-4,0.0269000009,0.0139737688,0.0109999999,8.882042020559311E-4
25.90952,-80.13632,10/7/22,13:13:07,0,<None>,0.36,1.53,50814.2,-0.056,18.64,6.22,47792.2,93.8,93.8,6.17,-0.081,31.26,48086.8,0.7,1.93,31256,-0.3,0,7.84,-74.3,27.97,0.001,-0.1,5.83,12.1,1443.7,POINT (-80.13632 25.90952),0,11,ID00000260,25.909487,-80.136299,515.5,91.5, , ,-80.1362991333,25.9094867706,34.9836044312,2.7114598751,19.5588378906,0.123999998,0.0227527414,0.1077999994,0.0407384522,0.1181999967,0.0852171481,0.0698999986,0.0425178856,0.0546000004,0.0294976849,0.053199999,0.0299329385,0.0483999997,0.0257074758,0.0744000003,0.0585332438,0.0544999987,0.0343810767,0.0070000002,5.000000237487257E-4,0.0269000009,0.0139737688,0.0109999999,8.882042020559311E-4
25.90954,-80.13635,10/7/22,13:13:22,0,<None>,0.39,1.65,50785.6,-0.037,19.17,6.4,47764,93.9,93.9,6.18,-0.054,31.24,48058.6,0.67,1.85,31238,-0.29,0,7.84,-74.3,27.971,-0.027,-0.3,5.83,12.1,1443.8,POINT (-80.13635 25.90954),0,12,ID00000261,25.909576,-80.136398,514.5,90.5, , ,-80.1363983154,25.909576416,34.9838562012,2.7154965401,19.6107788086,0.1254000068,0.0216362961,0.1209999993,0.0532243773,0.1014999971,0.0612516664,0.0599999987,0.0270749498,0.0612999983,0.0324101932,0.0590000004,0.031679213,0.0515000001,0.024354469,0.0637999997,0.0421951562,0.0623000003,0.0377488136,0.0074999998,7.999999797903001E-4,0.0328000002,0.0154232457,0.0153000001,0.0013136705
25.90959,-80.13637,10/7/22,13:13:37,0,<None>,0.35,1.49,50915.4,-0.033,18.77,6.26,47890,93.8,93.8,6.17,-0.047,31.33,48185,0.72,1.98,31320,-0.3,0,7.84,-74.3,27.967,-0.112,0,5.83,12.1,1443.6,POINT (-80.13637 25.90959),0,13,ID00000262,25.909576,-80.136398,514.5,90.5, , ,-80.1363983154,25.909576416,34.9838562012,2.7154965401,19.6107788086,0.1254000068,0.0216362961,0.1209999993,0.0532243773,0.1014999971,0.0612516664,0.0599999987,0.0270749498,0.0612999983,0.0324101932,0.0590000004,0.031679213,0.0515000001,0.024354469,0.0637999997,0.0421951562,0.0623000003,0.0377488136,0.0074999998,7.999999797903001E-4,0.0328000002,0.0154232457,0.0153000001,0.0013136705
25.90965,-80.13639,10/7/22,13:13:52,0,<None>,0.36,1.53,50502.8,-0.074,19.53,6.52,47502.2,95,95,6.26,-0.107,31.05,47794.7,0.65,1.78,31067,-0.32,0,7.84,-74.3,27.967,-0.064,-0.6,5.83,12.1,1443.6,POINT (-80.13639 25.90965),0,14,ID00000263,25.909668,-80.136398,514.5,89.5, , ,-80.1363983154,25.9096679688,34.9843521118,2.7163748741,19.6240997314,0.1240999997,0.0263787396,0.0947000012,0.0289587472,0.0680999979,0.0299391113,0.0346999988,0.0085499734,0.0273000002,0.0045230621,0.0275999997,0.0073977956,0.0310999993,0.0128716063,0.0184000004,0.0023906082,0.0260000005,0.0104109067,0.0126,7.999999797903001E-4,0.0137999998,0.0058042952,0.0059000002,3.837631084024906E-4
25.90972,-80.13642,10/7/22,13:14:07,0,<None>,0.34,1.46,50684,-0.098,19.14,6.39,47674.4,95,95,6.26,-0.143,31.17,47967.8,0.69,1.91,31179,-0.31,0,7.84,-74.4,27.965,-0.1,-0.4,5.83,12.1,1443.6,POINT (-80.13642 25.90972),0,15,ID00000264,25.909758,-80.136398,514.5,88.5, , ,-80.1363983154,25.9097576141,34.9843521118,2.7163748741,19.6240997314,0.1240999997,0.0263785515,0.0930999964,0.0270063635,0.0707999989,0.0331937522,0.0335999988,0.0073208744,0.0273000002,0.0045229574,0.0275999997,0.0073976978,0.0310999993,0.0128715131,0.0252,0.0098992996,0.0260000005,0.0104108229,0.0126,7.999999797903001E-4,0.0137999998,0.0058042486,0.0059000002,3.837565891444683E-4
25.90978,-80.13644,10/7/22,13:14:22,0,<None>,0.38,1.6,50915.9,-0.1,17.57,5.86,47901.3,94.7,94.7,6.23,-0.146,31.34,48195.2,0.65,1.78,31327,-0.3,0,7.85,-74.9,27.956,-0.133,-0.7,5.83,12.1,1443.6,POINT (-80.13644 25.90978),0,16,ID00000265,25.909758,-80.136398,514.5,88.5, , ,-80.1363983154,25.9097576141,34.9843521118,2.7163748741,19.6240997314,0.1240999997,0.0263785515,0.0930999964,0.0270063635,0.0707999989,0.0331937522,0.0335999988,0.0073208744,0.0273000002,0.0045229574,0.0275999997,0.0073976978,0.0310999993,0.0128715131,0.0252,0.0098992996,0.0260000005,0.0104108229,0.0126,7.999999797903001E-4,0.0137999998,0.0058042486,0.0059000002,3.837565891444683E-4
25.90987,-80.13645,10/7/22,13:14:37,0,<None>,0.39,1.66,50410,-0.131,19.58,6.53,47411.4,94.3,94.3,6.21,-0.19,30.98,47703.7,0.68,1.88,31007,-0.29,0,7.84,-74.3,27.97,-0.235,-0.5,5.83,12.1,1443.7,POINT (-80.13645 25.90987),0,17,ID00000266,25.909849,-80.136497,513.5,87.5, , ,-80.1364974976,25.9098491669,34.9843521118,2.7163748741,19.6240997314,0.1240999997,0.026380986,0.0932999998,0.0272525735,0.0719999969,0.0346413702,0.0318000019,0.00531107,0.0266999993,0.003856706,0.0285999998,0.0084932949,0.0273000002,0.0088409577,0.0244999994,0.009127913,0.0238000005,0.008127477,0.0126,7.999999797903001E-4,0.0115999999,0.003479009,0.0059000002,3.838450647890568E-4
25.91,-80.13645,10/7/22,13:14:52,0,<None>,0.4,1.71,50147.1,-0.193,21.32,7.11,47146.6,92.8,92.8,6.12,-0.28,30.79,47439.2,0.68,1.88,30835,-0.23,0,7.82,-73,27.989,-0.265,-0.4,5.83,12.1,1443.6,POINT (-80.13645 25.91),0,18,ID00000267,25.910028,-80.136497,513.5,85.5, , ,-80.1364974976,25.9100284576,34.9843521118,2.7163748741,19.6240997314,0.1240999997,0.0264491141,0.0953999981,0.0298957601,0.0747999996,0.0381069295,0.0328000002,0.0065314882,0.0285,0.0059650438,0.0277999993,0.0077244113,0.0289999992,0.0107525941,0.0252999999,0.0101198303,0.0237000007,0.0081330612,0.0126,7.999999797903001E-4,0.0111999996,0.0031672828,0.0057999999,3.739381209015846E-4
25.91014,-80.13642,10/7/22,13:15:07,0,<None>,0.39,1.65,50369.6,-0.257,21.65,7.23,47324.2,91.3,91.3,6.01,-0.372,30.92,47621.3,0.75,2.07,30954,-0.22,0,7.81,-72.4,28.022,-0.297,0,5.83,12.1,1443.6,POINT (-80.13642 25.91014),0,19,ID00000268,25.910118,-80.136398,514.5,84.5, , ,-80.1363983154,25.910118103,34.9843521118,2.7163748741,19.6240997314,0.1240999997,0.0264463183,0.0944999978,0.0287956316,0.0737000033,0.036780484,0.0339000002,0.0077587287,0.0285,0.0059632268,0.0277999993,0.0077227014,0.0289999992,0.0107509885,0.0219000001,0.0063645099,0.0237000007,0.008131573,0.0126,7.999999797903001E-4,0.0111999996,0.0031665047,0.0057999999,3.7384056486189365E-4
25.91029,-80.13638,10/7/22,13:15:22,0,<None>,0.43,1.8,50253.1,-0.282,26.58,8.87,47049.4,70,70,4.61,-0.409,30.73,47362.6,0.75,2.05,30786,0.14,0,7.54,-55.8,28.199,-0.277,0.7,5.83,12.1,1443.6,POINT (-80.13638 25.91029),0,20,ID00000269,25.910299,-80.136398,514.5,82.5, , ,-80.1363983154,25.9102993011,34.9848480225,2.7172532082,19.6374206543,0.1230999976,0.0250724182,0.0926000029,0.026395157,0.0711999983,0.0336750485,0.0339000002,0.0076554259,0.0272000004,0.0044110199,0.0284000002,0.0082723983,0.0296999998,0.0113856746,0.0240000002,0.0085740294,0.0247000009,0.00906034,0.0200999994,6.99999975040555E-4,0.0115,0.0033723186,0.0059000002,3.837249241769314E-4
25.91038,-80.13642,10/7/22,13:15:37,0,<None>,0.43,1.81,50404.5,-0.253,33.96,11.33,47056.8,64.1,64.1,4.2,-0.367,30.74,47384.7,0.92,2.53,30800,0.41,0,7.59,-59.3,28.337,-0.232,-0.1,5.83,12.1,1443.6,POINT (-80.13642 25.91038),0,21,ID00000270,25.910389,-80.136398,514.5,81.5, , ,-80.1363983154,25.9103889465,34.9848480225,2.7172532082,19.6374206543,0.1230999976,0.0244557336,0.0918999985,0.0248059109,0.0702000037,0.0316267759,0.0337000005,0.0065040779,0.0285999998,0.0050232741,0.0292000007,0.0081884498,0.0311999992,0.0120062297,0.0230999999,0.0065996852,0.0263999999,0.0098391296,0.0200999994,6.99999975040555E-4,0.0120000001,0.0028993688,0.0068000001,4.7276169061660767E-4
25.9105,-80.13643,10/7/22,13:15:52,0,<None>,0.47,1.98,50379.1,-0.234,34.46,11.49,46915.2,52.1,52.1,3.41,-0.34,30.64,47255,0.98,2.69,30716,0.67,0,7.49,-53.3,28.461,-0.281,-0.1,5.83,12.1,1443.5,POINT (-80.13643 25.9105),0,22,ID00000271,25.91048,-80.136398,514.5,80.5, , ,-80.1363983154,25.9104804993,34.9848480225,2.7172532082,19.6374206543,0.1230999976,0.0244555399,0.0912000015,0.0239509605,0.0693999976,0.0306623485,0.0337999985,0.0066156997,0.0285999998,0.0050231707,0.0292000007,0.0081883539,0.0311999992,0.0120061412,0.0237000007,0.0072620446,0.0263999999,0.0098390467,0.0200999994,6.99999975040555E-4,0.0120000001,0.0028993227,0.0068000001,4.7275517135858536E-4
25.91064,-80.13645,10/7/22,13:16:07,0,<None>,0.45,1.9,49911.5,-0.26,38.66,12.9,46455.4,48.4,48.4,3.17,-0.377,30.31,46794.5,1.1,3.01,30416,0.74,0,7.49,-53,28.487,-0.309,-0.6,5.83,12.1,1443.6,POINT (-80.13645 25.91064),0,23,ID00000272,25.910662,-80.13649,513.5,78.5, , ,-80.1364898682,25.9106616974,34.9848480225,2.7172532082,19.6374206543,0.1230999976,0.0256223138,0.0905999988,0.0246075112,0.0680999979,0.0306890719,0.0337000005,0.0082580168,0.0278999992,0.006032222,0.0278999992,0.0085791042,0.0308999997,0.0135228494,0.0236000009,0.0090051955,0.0251000002,0.0103536714,0.0200999994,6.99999975040555E-4,0.0121999998,0.0050032302,0.0051000002,3.0464003793895245E-4
25.91079,-80.13646,10/7/22,13:16:22,0,<None>,0.45,1.89,50126.8,-0.299,37.71,12.58,46721.5,48.3,48.3,3.17,-0.433,30.5,47055.4,1.05,2.88,30586,0.71,0,7.5,-53.5,28.417,-0.299,-0.7,5.83,12.1,1443.5,POINT (-80.13646 25.91079),0,24,ID00000273,25.910751,-80.13649,513.5,77.5, , ,-80.1364898682,25.9107513428,34.9853439331,2.7181317806,19.6507415771,0.1215000004,0.0230532326,0.0901999995,0.0235474166,0.0680999979,0.0300332233,0.0342999995,0.0082066506,0.0283000004,0.0057416297,0.0305000003,0.0106773274,0.0308999997,0.0127677154,0.0231999997,0.0078007625,0.0275999997,0.0121822217,0.0121999998,6.99999975040555E-4,0.0126999998,0.0047528096,0.0057999999,3.738943487405777E-4
25.91086,-80.13647,10/7/22,13:16:37,0,<None>,0.39,1.65,51136.8,-0.253,33.27,11.1,47826.1,53.6,53.6,3.51,-0.366,31.3,48150,0.97,2.66,31297,0.62,0,7.61,-60.5,28.246,-0.109,0.1,5.83,12.1,1443.4,POINT (-80.13647 25.91086),0,25,ID00000274,25.910841,-80.13649,513.5,76.5, , ,-80.1364898682,25.9108409882,34.9853439331,2.7181317806,19.6507415771,0.1215000004,0.0230530463,0.0896999985,0.0229363628,0.0684999973,0.0305154249,0.0342999995,0.0082065426,0.0283000004,0.0057415264,0.0305000003,0.0106772305,0.0308999997,0.0127676232,0.0256999992,0.0105605889,0.0275999997,0.0121821407,0.0121999998,6.99999975040555E-4,0.0126999998,0.0047527635,0.0057999999,3.7388852797448635E-4
25.91089,-80.13648,10/7/22,13:16:52,0,<None>,0.39,1.63,51658.9,-0.145,28.63,9.55,48367.6,52.4,52.4,3.43,-0.21,31.69,48689.4,0.96,2.63,31648,0.61,0,7.61,-60.6,28.193,0.011,0.7,5.83,12.1,1443.4,POINT (-80.13648 25.91089),0,26,ID00000275,25.910933,-80.13649,513.5,75.5, , ,-80.1364898682,25.9109325409,34.9853439331,2.7181317806,19.6507415771,0.1215000004,0.0213403832,0.0888999999,0.0199182816,0.0687000006,0.0284146816,0.0342999995,0.0056293309,0.0278999992,0.0026689591,0.0272000004,0.0044029532,0.0315000005,0.0107075889,0.0277999993,0.0101545155,0.0247000009,0.0064306511,0.0121999998,6.99999975040555E-4,0.0163000003,0.0057764743,0.0082999999,6.212275475263596E-4
25.91088,-80.13651,10/7/22,13:17:07,0,<None>,0.39,1.66,51862.9,-0.043,27.73,9.25,48564.4,55.1,55.1,3.6,-0.062,31.84,48886.8,0.87,2.4,31776,0.58,0,7.63,-61.6,28.187,-0.066,1.3,5.83,12.1,1443.4,POINT (-80.13651 25.91088),0,27,ID00000276,25.910841,-80.13649,513.5,76.5, , ,-80.1364898682,25.9108409882,34.9853439331,2.7181317806,19.6507415771,0.1215000004,0.0230530463,0.0896999985,0.0229363628,0.0684999973,0.0305154249,0.0342999995,0.0082065426,0.0283000004,0.0057415264,0.0305000003,0.0106772305,0.0308999997,0.0127676232,0.0256999992,0.0105605889,0.0275999997,0.0121821407,0.0121999998,6.99999975040555E-4,0.0126999998,0.0047527635,0.0057999999,3.7388852797448635E-4
25.91095,-80.13658,10/7/22,13:17:22,0,<None>,0.41,1.74,50766.2,-0.079,30.82,10.28,47436,54.2,54.2,3.55,-0.114,31.02,47762,0.96,2.63,31045,0.54,0,7.6,-59.8,28.293,-0.246,2.2,5.83,12.1,1443.4,POINT (-80.13658 25.91095),0,28,ID00000277,25.910933,-80.136589,512.5,75.5, , ,-80.1365890503,25.9109325409,34.9853439331,2.7181317806,19.6507415771,0.1215000004,0.0223704837,0.0895999968,0.022000175,0.0671000034,0.0278921537,0.0346999988,0.0076242038,0.0267999992,0.0030226391,0.0313999988,0.0105974507,0.0328000002,0.0137058841,0.0256999992,0.0094723795,0.0315999985,0.0152397053,0.0121999998,6.99999975040555E-4,0.0136000002,0.0045921123,0.0068000001,4.7292187809944153E-4
25.91107,-80.13663,10/7/22,13:17:37,0,<None>,0.43,1.81,50122.7,-0.189,32.93,10.99,46689,56.1,56.1,3.68,-0.275,30.48,47025.8,1.04,2.87,30567,0.41,0,7.57,-58.1,28.448,-0.261,0.9,5.83,12.1,1443.3,POINT (-80.13663 25.91107),0,29,ID00000278,25.911114,-80.136589,512.5,73.5, , ,-80.1365890503,25.911113739,34.9853439331,2.7181317806,19.6507415771,0.1215000004,0.0218906123,0.0900000036,0.0219173357,0.0680000037,0.0283216089,0.0351000018,0.0073492527,0.0295000002,0.0052917576,0.0297999997,0.0081012994,0.0333000012,0.0134810284,0.0286999997,0.0120205907,0.0282000005,0.0109429006,0.0121999998,6.99999975040555E-4,0.0156999994,0.0060330592,0.0074999998,5.421694368124008E-4
25.91109,-80.13667,10/7/22,13:17:52,0,<None>,0.41,1.71,51796.8,-0.189,28.19,9.4,48469.1,57.9,57.9,3.78,-0.273,31.77,48794.6,0.87,2.38,31716,0.49,0,7.62,-60.7,28.221,0.008,2,5.83,12.1,1443.4,POINT (-80.13667 25.91109),0,30,ID00000279,25.911114,-80.136688,511.5,73.5, , ,-80.1366882324,25.911113739,34.9853439331,2.7181317806,19.6507415771,0.1215000004,0.0218932368,0.0894000009,0.0211864803,0.0665000007,0.0265143737,0.0355000012,0.0077978247,0.0295000002,0.0052934466,0.0297999997,0.0081028882,0.0333000012,0.0134825017,0.0282000005,0.0114702266,0.0282000005,0.0109442659,0.0121999998,6.99999975040555E-4,0.0156999994,0.0060337768,0.0074999998,5.422746762633324E-4
25.91108,-80.13668,10/7/22,13:18:07,0,<None>,0.43,1.8,52038.3,-0.086,26.35,8.79,48753.8,57.9,57.9,3.78,-0.125,31.98,49074.8,0.96,2.63,31899,0.55,0,7.65,-62.9,28.162,0.006,0.2,5.83,12.1,1443.5,POINT (-80.13668 25.91108),0,31,ID00000280,25.911114,-80.136688,511.5,73.5, , ,-80.1366882324,25.911113739,34.9853439331,2.7181317806,19.6507415771,0.1215000004,0.0218932368,0.0894000009,0.0211864803,0.0665000007,0.0265143737,0.0355000012,0.0077978247,0.0295000002,0.0052934466,0.0297999997,0.0081028882,0.0333000012,0.0134825017,0.0282000005,0.0114702266,0.0282000005,0.0109442659,0.0121999998,6.99999975040555E-4,0.0156999994,0.0060337768,0.0074999998,5.422746762633324E-4
25.91107,-80.13667,10/7/22,13:18:22,0,<None>,0.39,1.64,52181,0.01,25.75,8.59,48888.8,57.7,57.7,3.77,0.014,32.08,49210.6,0.86,2.37,31987,0.61,0,7.66,-63.2,28.16,0.03,-2.3,5.83,12.1,1443.5,POINT (-80.13667 25.91107),0,32,ID00000281,25.911114,-80.136688,511.5,73.5, , ,-80.1366882324,25.911113739,34.9853439331,2.7181317806,19.6507415771,0.1215000004,0.0218932368,0.0894000009,0.0211864803,0.0665000007,0.0265143737,0.0355000012,0.0077978247,0.0295000002,0.0052934466,0.0297999997,0.0081028882,0.0333000012,0.0134825017,0.0282000005,0.0114702266,0.0282000005,0.0109442659,0.0121999998,6.99999975040555E-4,0.0156999994,0.0060337768,0.0074999998,5.422746762633324E-4
25.91105,-80.1367,10/7/22,13:18:37,0,<None>,0.39,1.64,52181.1,0.008,25.53,8.52,48890.1,57.4,57.4,3.75,0.012,32.08,49211.7,0.79,2.18,31988,0.6,0,7.66,-63.3,28.159,-0.011,-1.9,5.83,12.1,1443.5,POINT (-80.1367 25.91105),0,33,ID00000282,25.911024,-80.136688,511.5,74.5, , ,-80.1366882324,25.9110240936,34.9853439331,2.7181317806,19.6507415771,0.1215000004,0.0223729294,0.0895000026,0.0218801294,0.0669,0.0276526846,0.0342000015,0.0070672571,0.0267999992,0.0030242526,0.0313999988,0.0105989333,0.0328000002,0.0137072764,0.0265999995,0.0104671344,0.0315999985,0.0152409663,0.0121999998,6.99999975040555E-4,0.0136000002,0.0045927898,0.0068000001,4.730150103569031E-4
25.91104,-80.13672,10/7/22,13:18:52,0,<None>,0.44,1.84,51996.5,-0.003,26.57,8.86,48703.2,56.8,56.8,3.71,-0.005,31.94,49025.1,0.82,2.27,31866,0.64,0,7.65,-62.8,28.173,-0.009,-0.4,5.83,12.1,1443.5,POINT (-80.13672 25.91104),0,34,ID00000283,25.911024,-80.136688,511.5,74.5, , ,-80.1366882324,25.9110240936,34.9853439331,2.7181317806,19.6507415771,0.1215000004,0.0223729294,0.0895000026,0.0218801294,0.0669,0.0276526846,0.0342000015,0.0070672571,0.0267999992,0.0030242526,0.0313999988,0.0105989333,0.0328000002,0.0137072764,0.0265999995,0.0104671344,0.0315999985,0.0152409663,0.0121999998,6.99999975040555E-4,0.0136000002,0.0045927898,0.0068000001,4.730150103569031E-4
25.91107,-80.13675,10/7/22,13:19:07,0,<None>,0.42,1.76,51470.4,-0.022,29.14,9.72,48214.1,52.2,52.2,3.42,-0.032,31.58,48532.4,0.89,2.44,31546,0.66,0,7.63,-61.4,28.169,-0.163,0.9,5.83,12.1,1443.6,POINT (-80.13675 25.91107),0,35,ID00000284,25.911114,-80.136787,510.5,73.5, , ,-80.1367874146,25.911113739,34.9853439331,2.7181317806,19.6507415771,0.1215000004,0.0224438887,0.0898000002,0.0223304518,0.0671999976,0.028109964,0.0357000008,0.0088476585,0.0293000005,0.0059133288,0.0318000019,0.0111444406,0.0335000008,0.0145589672,0.0289999992,0.013226103,0.0326999985,0.0164934881,0.0121999998,6.99999975040555E-4,0.0132999998,0.0043875892,0.0066999998,4.632137715816498E-4
25.9111,-80.13675,10/7/22,13:19:22,0,<None>,0.46,1.95,51248.8,-0.036,31.32,10.45,47996.4,53.4,53.4,3.5,-0.052,31.42,48314.3,1.04,2.87,31404,0.72,0,7.59,-59.2,28.18,0.006,-0.7,5.83,12.1,1443.8,POINT (-80.13675 25.9111),0,36,ID00000285,25.911114,-80.136787,510.5,73.5, , ,-80.1367874146,25.911113739,34.9853439331,2.7181317806,19.6507415771,0.1215000004,0.0224438887,0.0898000002,0.0223304518,0.0671999976,0.028109964,0.0357000008,0.0088476585,0.0293000005,0.0059133288,0.0318000019,0.0111444406,0.0335000008,0.0145589672,0.0289999992,0.013226103,0.0326999985,0.0164934881,0.0121999998,6.99999975040555E-4,0.0132999998,0.0043875892,0.0066999998,4.632137715816498E-4
25.91116,-80.13679,10/7/22,13:19:37,0,<None>,0.44,1.86,50599.2,-0.082,32.86,10.96,47267.5,45.9,45.9,3.01,-0.119,30.89,47593.7,1.06,2.9,30936,0.69,0,7.45,-50.7,28.306,-0.238,0.6,5.83,12.1,1443.7,POINT (-80.13679 25.91116),0,37,ID00000286,25.911205,-80.136787,510.5,72.5, , ,-80.1367874146,25.9112052917,34.9853439331,2.7181317806,19.6507415771,0.1215000004,0.0224437043,0.0901999995,0.0228189994,0.0675000027,0.0284716561,0.0366000012,0.0098527782,0.0293000005,0.0059132259,0.0318000019,0.0111443447,0.0335000008,0.0145588778,0.0294000003,0.0136674056,0.0326999985,0.0164934061,0.0121999998,6.99999975040555E-4,0.0132999998,0.0043875426,0.0066999998,4.6320678666234016E-4
25.91123,-80.13685,10/7/22,13:19:52,0,<None>,0.43,1.82,50346.5,-0.123,36.1,12.04,46820.4,49.6,49.6,3.25,-0.178,30.58,47166.6,0.99,2.71,30658,0.67,0,7.5,-53.7,28.53,-0.201,0.8,5.83,12.1,1443.8,POINT (-80.13685 25.91123),0,38,ID00000287,25.911205,-80.136887,509.5,72.5, , ,-80.1368865967,25.9112052917,34.9853439331,2.7181317806,19.6507415771,0.1215000004,0.0224463325,0.0908999965,0.0236763395,0.0693000033,0.0306438468,0.0359999985,0.0091843866,0.0293000005,0.0059149223,0.0318000019,0.0111459214,0.0335000008,0.014560353,0.0313999988,0.0158755016,0.0326999985,0.0164947435,0.0121999998,6.99999975040555E-4,0.0132999998,0.0043882676,0.0066999998,4.633055068552494E-4
25.91134,-80.13683,10/7/22,13:20:07,0,<None>,0.43,1.83,50408.9,-0.192,32.07,10.7,46728.6,47.5,47.5,3.1,-0.278,30.52,47090.6,0.91,2.5,30609,0.51,0,7.54,-56,28.689,-0.224,-1.2,5.83,12.1,1444,POINT (-80.13683 25.91134),0,39,ID00000288,25.911385,-80.136787,510.5,70.5, , ,-80.1367874146,25.9113845825,34.9858398438,2.7190101147,19.6640625,0.1255999953,0.0275198966,0.0895999968,0.0217591561,0.067900002,0.0285790954,0.0355999991,0.0083232913,0.0322999991,0.0088303443,0.0300999992,0.0088585801,0.0335999988,0.0142333237,0.0295000002,0.0133417677,0.0322999991,0.0156396925,0.0214000009,6.99999975040555E-4,0.0135000004,0.004153776,0.0071,5.027749575674534E-4
25.91145,-80.13679,10/7/22,13:20:22,0,<None>,0.49,2.08,49385.6,-0.208,44.83,14.95,46199.2,35.2,35.2,2.32,-0.301,30.11,46510.9,1.07,2.94,30232,1.16,0,7.41,-48.4,28.233,-0.257,-1.3,5.83,12.1,1444.1,POINT (-80.13679 25.91145),0,40,ID00000289,25.911476,-80.136787,510.5,69.5, , ,-80.1367874146,25.9114761353,34.9858398438,2.7190101147,19.6640625,0.1255999953,0.0267662052,0.0901999995,0.021594353,0.0694999993,0.0294776335,0.0359999985,0.0076360442,0.0292000007,0.0042252685,0.0348999985,0.0129352883,0.0339000002,0.0133649725,0.0300999992,0.0128052514,0.0340999998,0.0163019784,0.0214000009,6.99999975040555E-4,0.0185000002,0.0082150223,0.0082,6.116149015724659E-4
25.91158,-80.13673,10/7/22,13:20:37,0,<None>,0.5,2.12,49104,-0.245,44.84,14.95,45911.4,35.8,35.8,2.36,-0.355,29.9,46223.8,1.16,3.19,30045,1.11,0,7.41,-48.2,28.261,-0.258,-3.5,5.83,12.1,1444.2,POINT (-80.13673 25.91158),0,41,ID00000290,25.911566,-80.136688,511.5,68.5, , ,-80.1366882324,25.9115657806,34.9858398438,2.7190101147,19.6640625,0.1255999953,0.0201201774,0.0912000015,0.0148985516,0.0727000013,0.0242471509,0.0388999991,8.753594011068344E-4,0.0441000015,0.0105968174,0.0737999976,0.0450357869,0.1013000011,0.0741540194,0.0582999997,0.0333133861,0.0948000029,0.0685090274,0.0214000009,6.99999975040555E-4,0.0408999994,0.0210862961,0.0178999994,0.0015710983
25.91168,-80.13673,10/7/22,13:20:52,0,<None>,0.5,2.1,50212.4,-0.231,41.57,13.86,47076.6,38.4,38.4,2.53,-0.335,30.74,47382.9,1.17,3.2,30799,0.96,0,7.51,-54.4,28.125,-0.108,-3,5.83,12.1,1444.2,POINT (-80.13673 25.91168),0,42,ID00000291,25.911655,-80.136688,511.5,67.5, , ,-80.1366882324,25.911655426,34.9858398438,2.7190101147,19.6640625,0.1255999953,0.030996656,0.0913000032,0.0279790387,0.0737000033,0.0403248295,0.0434999987,0.0223774835,0.0700000003,0.0560049936,0.1480000019,0.1423999071,0.1731999964,0.1667825878,0.1138999984,0.1116529554,0.2040999979,0.1983050555,0.0214000009,6.99999975040555E-4,0.074000001,0.0736795366,0.0331999995,0.0346842185
25.91174,-80.13678,10/7/22,13:21:07,0,<None>,0.46,1.92,50241.7,-0.209,37.81,12.61,47131.7,39,39,2.57,-0.303,30.78,47435.4,1.07,2.93,30833,0.86,0,7.5,-53.9,28.099,-0.291,0.3,5.83,12.1,1444.4,POINT (-80.13678 25.91174),0,43,ID00000292,25.911747,-80.136787,510.5,66.5, , ,-80.1367874146,25.9117469788,34.9858398438,2.7190101147,19.6640625,0.1255999953,0.0228615608,0.0916000009,0.0186524689,0.0733999982,0.0288375784,0.0403000005,0.006561975,0.0373999998,0.007355663,0.0522000007,0.0257569291,0.0658000037,0.040997345,0.0846000016,0.0665823668,0.0627999976,0.0398034193,0.0214000009,6.99999975040555E-4,0.0287999995,0.0127569521,0.0138999997,0.0011755517
25.91177,-80.13683,10/7/22,13:21:22,0,<None>,0.45,1.9,50493.3,-0.181,37.74,12.59,47346.3,40.4,40.4,2.66,-0.263,30.94,47653.7,1,2.74,30975,0.75,0,7.49,-53,28.119,-0.092,0.7,5.83,12.1,1444.5,POINT (-80.13683 25.91177),0,44,ID00000293,25.911747,-80.136787,510.5,66.5, , ,-80.1367874146,25.9117469788,34.9858398438,2.7190101147,19.6640625,0.1255999953,0.0228615608,0.0916000009,0.0186524689,0.0733999982,0.0288375784,0.0403000005,0.006561975,0.0373999998,0.007355663,0.0522000007,0.0257569291,0.0658000037,0.040997345,0.0846000016,0.0665823668,0.0627999976,0.0398034193,0.0214000009,6.99999975040555E-4,0.0287999995,0.0127569521,0.0138999997,0.0011755517
25.91178,-80.13683,10/7/22,13:21:37,0,<None>,0.48,2.04,51490.9,-0.157,31.41,10.48,48294.2,44.1,44.1,2.89,-0.228,31.64,48606.4,1.07,2.93,31594,0.86,0,7.56,-57.4,28.107,-0.068,-1.3,5.83,12.1,1444.5,POINT (-80.13683 25.91178),0,45,ID00000294,25.911747,-80.136787,510.5,66.5, , ,-80.1367874146,25.9117469788,34.9858398438,2.7190101147,19.6640625,0.1255999953,0.0228615608,0.0916000009,0.0186524689,0.0733999982,0.0288375784,0.0403000005,0.006561975,0.0373999998,0.007355663,0.0522000007,0.0257569291,0.0658000037,0.040997345,0.0846000016,0.0665823668,0.0627999976,0.0398034193,0.0214000009,6.99999975040555E-4,0.0287999995,0.0127569521,0.0138999997,0.0011755517
25.9118,-80.13683,10/7/22,13:21:52,0,<None>,0.45,1.91,51313.5,-0.092,31.91,10.64,48154.8,45.3,45.3,2.97,-0.134,31.53,48463.2,1.02,2.82,31501,0.86,0,7.57,-58.1,28.079,-0.146,-3.3,5.83,12.1,1444.6,POINT (-80.13683 25.9118),0,46,ID00000295,25.911837,-80.136787,510.5,65.5, , ,-80.1367874146,25.9118366241,34.9863357544,2.7198884487,19.6773834229,0.1263000071,0.0319117978,0.0923999995,0.0293246228,0.0768000036,0.0440587699,0.0443000011,0.0232721791,0.063000001,0.048253458,0.123800002,0.1162368059,0.1445000023,0.1367080957,0.1617999971,0.1639963984,0.1676999927,0.1609837264,0.0406999998,7.999999797903001E-4,0.0595999993,0.0584932007,0.0242999997,0.0247879419
25.91185,-80.13688,10/7/22,13:22:07,0,<None>,0.48,2.01,50406.7,-0.144,37.3,12.44,47358.9,41.5,41.5,2.73,-0.209,30.95,47656.2,1.01,2.77,30977,0.78,0,7.52,-55.1,28.022,-0.256,-2.4,5.83,12.1,1444.5,POINT (-80.13688 25.91185),0,47,ID00000296,25.911837,-80.136887,509.5,65.5, , ,-80.1368865967,25.9118366241,34.9863357544,2.7198884487,19.6773834229,0.1263000071,0.031914901,0.0913000032,0.0279844683,0.072800003,0.0392456613,0.0397999994,0.0182527266,0.063000001,0.0482556447,0.123800002,0.1162384897,0.1445000023,0.1367096156,0.0601000004,0.0525977612,0.1676999927,0.1609850377,0.0406999998,7.999999797903001E-4,0.0595999993,0.0584943853,0.0242999997,0.0247885156
25.91194,-80.13694,10/7/22,13:22:22,0,<None>,0.44,1.88,49532.8,-0.231,39.38,13.14,46336.2,46.1,46.1,3.04,-0.334,30.21,46648.9,0.87,2.4,30322,0.54,0,7.48,-52.2,28.239,-0.297,-2.2,5.83,12.1,1444.6,POINT (-80.13694 25.91194),0,48,ID00000297,25.911928,-80.136986,508.5,64.5, , ,-80.1369857788,25.9119281769,34.9865875244,2.7239251137,19.7293243408,0.1238999963,0.0211969689,0.0903000012,0.0177216195,0.072800003,0.028867485,0.0381999984,0.0050451485,0.0361000001,0.0067539588,0.0436000004,0.0172235072,0.0524999984,0.0277913064,0.0566000007,0.0366738513,0.0511000007,0.0285630859,0.0214000009,6.99999975040555E-4,0.0265999995,0.0113239679,0.0131000001,0.0010966705
25.91202,-80.137,10/7/22,13:22:37,0,<None>,0.38,1.61,49162.1,-0.28,37.85,12.63,46024.3,49,49,3.24,-0.405,29.98,46331.1,0.78,2.13,30115,0,0,7.48,-52.2,28.197,-0.294,-1.8,5.83,12.1,1444.8,POINT (-80.137 25.91202),0,49,ID00000298,25.912018,-80.136986,508.5,63.5, , ,-80.1369857788,25.9120178223,34.9865875244,2.7239251137,19.7293243408,0.1238999963,0.0162660554,0.0912000015,0.0129462844,0.074500002,0.024172049,0.0439000018,0.0039869845,0.0505000018,0.0151852798,0.0971999988,0.0679220632,0.1133000031,0.0842061266,0.108099997,0.0853882357,0.126699999,0.0987843052,0.0214000009,6.99999975040555E-4,0.0463999994,0.0242251139,0.0203000009,0.0018089805
25.91211,-80.13708,10/7/22,13:22:52,0,<None>,0.4,1.68,49243.1,-0.297,36.65,12.22,46153.2,50.1,50.1,3.31,-0.43,30.07,46455.1,0.8,2.19,30196,0.04,0,7.49,-53.1,28.141,-0.301,0.5,5.83,12.1,1444.9,POINT (-80.13708 25.91211),0,50,ID00000299,25.912109,-80.137085,507.5,62.5, , ,-80.1370849609,25.912109375,34.9865875244,2.7239251137,19.7293243408,0.1238999963,0.0162683167,0.0905999988,0.0122154457,0.0738999993,0.0234511737,0.0406000018,3.058966249227524E-4,0.0505000018,0.0151866134,0.0971999988,0.0679229945,0.1133000031,0.0842069313,0.0859000012,0.0610414557,0.126699999,0.0987849608,0.0214000009,6.99999975040555E-4,0.0463999994,0.024225723,0.0203000009,0.0018091556
25.91219,-80.13716,10/7/22,13:23:07,0,<None>,0.41,1.75,49796,-0.294,38,12.67,46808.7,43,43,2.84,-0.426,30.54,47100,0.91,2.5,30615,0.44,0,7.49,-52.8,27.997,-0.29,1.5,5.83,12.1,1445.1,POINT (-80.13716 25.91219),0,51,ID00000300,25.912201,-80.137184,506.5,61.5, , ,-80.1371841431,25.9122009277,34.9865875244,2.7239251137,19.7293243408,0.1238999963,0.0185989141,0.0914999992,0.016090529,0.0725999996,0.0250709578,0.0401000008,0.0032530008,0.0460000001,0.0137643106,0.0777999982,0.0504597202,0.0922999978,0.0657492578,0.0706999972,0.0480470955,0.0988999978,0.0738422051,0.0214000009,6.99999975040555E-4,0.0395999998,0.0208289847,0.0168999992,0.0014729351
25.91227,-80.13721,10/7/22,13:23:22,0,<None>,0.45,1.88,49000,-0.289,38.83,12.95,45966.8,44.6,44.6,2.95,-0.418,29.93,46263,0.85,2.34,30071,0.1,0,7.47,-51.7,28.097,-0.272,0.3,5.83,12.1,1445.1,POINT (-80.13721 25.91227),0,52,ID00000301,25.912291,-80.137184,506.5,60.5, , ,-80.1371841431,25.9122905731,34.9865875244,2.7239251137,19.7293243408,0.1238999963,0.0185987391,0.0921000019,0.0168229602,0.0772999972,0.0307288505,0.0427000001,0.0061546387,0.0460000001,0.0137642194,0.0777999982,0.0504596531,0.0922999978,0.0657491907,0.1449999958,0.129454881,0.0988999978,0.0738421679,0.0214000009,6.99999975040555E-4,0.0395999998,0.02082894,0.0168999992,0.0014729258
25.91234,-80.13727,10/7/22,13:23:37,0,<None>,0.48,2.03,48395.9,-0.277,43.57,14.53,45381.9,39.7,39.7,2.63,-0.401,29.51,45676.3,0.97,2.67,29690,0.49,0,7.41,-48.3,28.117,-0.266,0,5.83,12.1,1445.1,POINT (-80.13727 25.91234),0,53,ID00000302,25.912382,-80.137283,505.5,59.5, , ,-80.1372833252,25.9123821259,34.9870796204,2.7248034477,19.7426300049,0.1243999973,0.0294488054,0.0905999988,0.0271400027,0.0754999965,0.0425057746,0.0430000015,0.0218330603,0.0662999973,0.0519195013,0.1467999965,0.1411126852,0.1834000051,0.1774589866,0.1105000004,0.1079380289,0.2038999945,0.1981066018,0.0350000001,6.99999975040555E-4,0.0687000006,0.0680970773,0.0285999998,0.0295723248
25.91242,-80.13734,10/7/22,13:23:52,0,<None>,0.5,2.12,48243.9,-0.282,48.12,16.05,45268.1,33.4,33.4,2.22,-0.408,29.42,45558.7,1.09,3,29613,0.87,0,7.36,-45.2,28.086,-0.289,0.3,5.83,12.1,1445.4,POINT (-80.13734 25.91242),0,54,ID00000303,25.912382,-80.137383,504.5,59.5, , ,-80.1373825073,25.9123821259,34.9870796204,2.7248034477,19.7426300049,0.1243999973,0.0208310802,0.0912000015,0.0176049396,0.0715000033,0.0259030946,0.0395000018,0.0049566943,0.0397999994,0.0092963977,0.0513999984,0.024145864,0.0711999983,0.0459569655,0.0403000005,0.0170894824,0.0643000007,0.0405953825,0.0350000001,6.99999975040555E-4,0.0359000005,0.0194815248,0.0146000003,0.0012456365
25.91249,-80.13739,10/7/22,13:24:07,0,<None>,0.57,2.41,48558.2,-0.285,50.97,17,45642.7,25.6,25.6,1.7,-0.412,29.69,45927.1,1.21,3.31,29853,1.39,0,7.33,-43.6,27.999,-0.265,0.6,5.83,12.1,1445.3,POINT (-80.13739 25.91249),0,55,ID00000304,25.912472,-80.137383,504.5,58.5, , ,-80.1373825073,25.9124717712,34.9870796204,2.7248034477,19.7426300049,0.1243999973,0.0208308939,0.0912000015,0.0176047832,0.0732999966,0.0280711576,0.0417000018,0.0074121561,0.0397999994,0.0092963064,0.0513999984,0.0241457857,0.0711999983,0.0459568985,0.0882000029,0.069777213,0.0643000007,0.0405953228,0.0350000001,6.99999975040555E-4,0.0359000005,0.0194814838,0.0146000003,0.0012456253
25.91259,-80.13746,10/7/22,13:24:22,0,<None>,0.6,2.53,48573.8,-0.306,52.4,17.47,45685.5,23.3,23.3,1.55,-0.443,29.72,45967.1,1.36,3.74,29879,1.43,0,7.33,-43.1,27.969,-0.344,0.7,5.83,12.1,1445.5,POINT (-80.13746 25.91259),0,56,ID00000305,25.912563,-80.137482,503.5,57.5, , ,-80.1374816895,25.912563324,34.9870796204,2.7248034477,19.7426300049,0.1243999973,0.0294546429,0.0909999982,0.0276339874,0.0747999996,0.0416678563,0.0419999994,0.020721795,0.0669,0.0525881052,0.1410000026,0.1348504871,0.169599995,0.1630247682,0.0879999995,0.0832700431,0.1904000044,0.1842793226,0.0350000001,6.99999975040555E-4,0.060899999,0.0598722994,0.0265999995,0.0273493826
25.91267,-80.13752,10/7/22,13:24:37,0,<None>,0.52,2.2,48488.2,-0.309,50.97,17,45620.2,29.6,29.6,1.96,-0.448,29.67,45899.7,1.3,3.56,29835,1.33,0,7.34,-43.6,27.953,-0.341,-0.8,5.83,12.1,1445.7,POINT (-80.13752 25.91267),0,57,ID00000306,25.912653,-80.137474,503.5,56.5, , ,-80.1374740601,25.9126529694,34.9870796204,2.7248034477,19.7426300049,0.1243999973,0.0294544175,0.0901999995,0.0266566593,0.0777999982,0.0452779606,0.0454000011,0.024514908,0.0669,0.0525879748,0.1410000026,0.1348503828,0.169599995,0.1630246937,0.1710000038,0.1740321815,0.1904000044,0.1842792332,0.0350000001,6.99999975040555E-4,0.060899999,0.0598722249,0.0265999995,0.0273493472
25.91271,-80.13759,10/7/22,13:24:52,0,<None>,0.52,2.21,48948.6,-0.289,48.71,16.24,46016.9,27.3,27.3,1.81,-0.418,29.97,46302.8,1.18,3.24,30097,1.19,0,7.35,-44.7,27.99,-0.187,-0.9,5.83,12.1,1445.8,POINT (-80.13759 25.91271),0,58,ID00000307,25.912745,-80.137573,502.5,55.5, , ,-80.1375732422,25.9127445221,34.9873313904,2.7288398743,19.7945709229,0.1376000047,0.0466191918,0.0891999975,0.0254375823,0.0691,0.0348035395,0.0428000018,0.0216166414,0.0538000017,0.0380696952,0.0975999981,0.0878453031,0.1167000011,0.1075092033,0.0976999998,0.0939136073,0.1268000007,0.1189306676,0.0353000015,8.999999845400453E-4,0.0518999994,0.0503772497,0.0219999999,0.0222342871
25.91273,-80.13766,10/7/22,13:25:07,0,<None>,0.6,2.5,48712.7,-0.26,51.8,17.28,45918.1,21.5,21.5,1.43,-0.377,29.89,46190.2,1.43,3.92,30024,1.53,0,7.36,-45.1,27.858,-0.287,-0.4,5.83,12.1,1445.8,POINT (-80.13766 25.91273),0,59,ID00000308,25.912745,-80.13768,501.5,55.5, , ,-80.1376800537,25.9127445221,34.9873313904,2.7288398743,19.7945709229,0.1376000047,0.0466221496,0.0900999978,0.0265401341,0.0681999996,0.0337210782,0.0401000008,0.018605873,0.0538000017,0.0380719602,0.0975999981,0.0878471583,0.1167000011,0.1075108871,0.0432000011,0.0340023115,0.1268000007,0.1189321801,0.0353000015,8.999999845400453E-4,0.0518999994,0.0503784753,0.0219999999,0.0222348813
25.91273,-80.13774,10/7/22,13:25:22,0,<None>,0.6,2.53,48650.8,-0.221,54.37,18.13,45883.6,20.1,20.1,1.34,-0.32,29.86,46152.9,1.52,4.18,29999,1.6,0,7.41,-48.1,27.834,-0.084,-2.1,5.83,12.1,1446,POINT (-80.13774 25.91273),0,60,ID00000309,25.912746,-80.137779,500.5,55.5, , ,-80.1377792358,25.9127464294,34.9873313904,2.7288398743,19.7945709229,0.1376000047,0.0332077183,0.0913999975,0.0121456459,0.0707999989,0.0185108054,0.0428999998,0.0015434455,0.0427000001,0.0051699281,0.0623000003,0.0285808127,0.0737999976,0.0411606207,0.0443999991,0.0139886308,0.0760999992,0.0451389551,0.0353000015,8.999999845400453E-4,0.0487999991,0.0253173709,0.0216000006,0.0019390211
25.91272,-80.13776,10/7/22,13:25:37,0,<None>,0.58,2.42,49888.8,-0.19,47.22,15.75,47078,26.1,26.1,1.73,-0.276,30.73,47351.5,1.38,3.8,30778,1.42,0,7.42,-48.6,27.805,-0.173,-3.3,5.83,12.1,1446,POINT (-80.13776 25.91272),0,61,ID00000310,25.912746,-80.137779,500.5,55.5, , ,-80.1377792358,25.9127464294,34.9873313904,2.7288398743,19.7945709229,0.1376000047,0.0332077183,0.0913999975,0.0121456459,0.0707999989,0.0185108054,0.0428999998,0.0015434455,0.0427000001,0.0051699281,0.0623000003,0.0285808127,0.0737999976,0.0411606207,0.0443999991,0.0139886308,0.0760999992,0.0451389551,0.0353000015,8.999999845400453E-4,0.0487999991,0.0253173709,0.0216000006,0.0019390211
25.91275,-80.13783,10/7/22,13:25:52,0,<None>,0.55,2.3,49943.5,-0.169,45.04,15.02,47041.3,29,29,1.92,-0.245,30.71,47324,1.11,3.04,30761,1.15,0,7.42,-49,27.898,-0.229,-2.4,5.83,12.1,1446.1,POINT (-80.13783 25.91275),0,62,ID00000311,25.912746,-80.137878,499.5,55.5, , ,-80.137878418,25.9127464294,34.9873313904,2.7288398743,19.7945709229,0.1376000047,0.0332099609,0.1044000015,0.0279858857,0.0842000023,0.0346332416,0.0571000017,0.0173728243,0.0427000001,0.0051714014,0.0623000003,0.0285820588,0.0737999976,0.0411617234,0.0930000022,0.0674245954,0.0760999992,0.045139946,0.0353000015,8.999999845400453E-4,0.0487999991,0.0253180172,0.0216000006,0.0019392148
25.90952,-80.13628,10/7/22,13:06:02,0,<None>,4.49,18.59,56083.7,5.375,6.12,2.05,52795.6,95,95,6.13,7.815,34.96,53115.9,42.63,116.67,34525,490.42,0,7.93,-79.3,27.925,5.357,2.6,5.83,12.1,1443.9,POINT (-80.13628 25.90952),0,63,ID00000312,25.909487,-80.136299,515.5,91.5, , ,-80.1362991333,25.9094867706,34.9836044312,2.7114598751,19.5588378906,0.123999998,0.0227527414,0.1077999994,0.0407384522,0.1181999967,0.0852171481,0.0698999986,0.0425178856,0.0546000004,0.0294976849,0.053199999,0.0299329385,0.0483999997,0.0257074758,0.0744000003,0.0585332438,0.0544999987,0.0343810767,0.0070000002,5.000000237487257E-4,0.0269000009,0.0139737688,0.0109999999,8.882042020559311E-4
25.90949,-80.13631,10/7/22,13:06:17,0,<None>,3.27,13.56,55920.9,5.361,0.65,0.22,52622.3,50.5,50.5,3.26,7.795,34.83,52943.7,27.06,74.06,34413,304.33,0,7.64,-62,27.944,5.311,1.8,5.83,12.1,1443.9,POINT (-80.13631 25.90949),0,64,ID00000313,25.909487,-80.136299,515.5,91.5, , ,-80.1362991333,25.9094867706,34.9836044312,2.7114598751,19.5588378906,0.123999998,0.0227527414,0.1077999994,0.0407384522,0.1181999967,0.0852171481,0.0698999986,0.0425178856,0.0546000004,0.0294976849,0.053199999,0.0299329385,0.0483999997,0.0257074758,0.0744000003,0.0585332438,0.0544999987,0.0343810767,0.0070000002,5.000000237487257E-4,0.0269000009,0.0139737688,0.0109999999,8.882042020559311E-4
25.90947,-80.13634,10/7/22,13:06:32,0,<None>,6.43,26.62,54126.6,5.352,-0.46,-0.15,50863.5,19.3,19.3,1.25,7.774,33.53,51181.8,31.05,84.98,33268,295.22,0,7.47,-51.7,28.012,5.349,2.1,5.83,12.1,1443.9,POINT (-80.13634 25.90947),0,65,ID00000314,25.909487,-80.136299,515.5,91.5, , ,-80.1362991333,25.9094867706,34.9836044312,2.7114598751,19.5588378906,0.123999998,0.0227527414,0.1077999994,0.0407384522,0.1181999967,0.0852171481,0.0698999986,0.0425178856,0.0546000004,0.0294976849,0.053199999,0.0299329385,0.0483999997,0.0257074758,0.0744000003,0.0585332438,0.0544999987,0.0343810767,0.0070000002,5.000000237487257E-4,0.0269000009,0.0139737688,0.0109999999,8.882042020559311E-4
25.90945,-80.13635,10/7/22,13:06:47,0,<None>,3.53,14.61,52405,5.352,-0.39,-0.12,49245.8,12.1,12.1,0.79,7.767,32.33,49554,25.48,69.76,32210,291.24,0,7.46,-50.9,28.012,5.372,2.6,5.83,12.1,1443.9,POINT (-80.13635 25.90945),0,66,ID00000315,25.909487,-80.136299,515.5,91.5, , ,-80.1362991333,25.9094867706,34.9836044312,2.7114598751,19.5588378906,0.123999998,0.0227527414,0.1077999994,0.0407384522,0.1181999967,0.0852171481,0.0698999986,0.0425178856,0.0546000004,0.0294976849,0.053199999,0.0299329385,0.0483999997,0.0257074758,0.0744000003,0.0585332438,0.0544999987,0.0343810767,0.0070000002,5.000000237487257E-4,0.0269000009,0.0139737688,0.0109999999,8.882042020559311E-4
25.90943,-80.13634,10/7/22,13:07:02,0,<None>,8.86,36.67,51909.1,5.363,-0.42,-0.13,48780.2,9.7,9.7,0.64,7.781,31.99,49085.5,23.83,65.23,31906,292.68,0,7.44,-50.2,28.012,5.355,2.5,5.83,12.1,1443.9,POINT (-80.13634 25.90943),0,67,ID00000316,25.909395,-80.136307,515.5,92.5, , ,-80.1363067627,25.9093952179,34.9836044312,2.7114598751,19.5588378906,0.123999998,0.0246707331,0.0926000029,0.0245173946,0.0769999996,0.0385040119,0.0423999988,0.0147751886,0.0357000008,0.0114495754,0.0394000001,0.0178482234,0.0355999991,0.0151624996,0.0317000002,0.0145655256,0.0346999988,0.0169198215,0.0070000002,5.000000237487257E-4,0.0156999994,0.005252847,0.0082,6.112274713814259E-4
25.90939,-80.13637,10/7/22,13:07:17,0,<None>,2.73,11.3,55881.6,5.319,-0.64,-0.21,52590.8,41.3,41.3,2.67,7.734,34.81,52911.5,24.3,66.5,34392,773.84,0,7.69,-65.2,27.939,5.341,2.6,5.83,12.1,1443.9,POINT (-80.13637 25.90939),0,68,ID00000317,25.909397,-80.136406,514.5,92.5, , ,-80.1364059448,25.9093971252,34.9838562012,2.7154965401,19.6107788086,0.1254000068,0.0242390968,0.1275999993,0.0642943084,0.0986000001,0.0613400154,0.061999999,0.033217527,0.0384000018,0.0109851649,0.0368999988,0.0116013773,0.0452000014,0.0217800736,0.0549999997,0.0366503559,0.0340999998,0.0126819061,0.0074999998,7.999999797903001E-4,0.0197999999,0.005915368,0.0115,9.378036484122276E-4
25.90939,-80.13639,10/7/22,13:07:32,0,<None>,2.94,12.21,55691.1,5.322,-0.44,-0.14,52343.6,14.3,14.3,0.92,7.737,34.63,52670.1,22.45,61.45,34236,273.79,0,7.63,-61.3,28.003,5.366,2.5,5.83,12.1,1443.9,POINT (-80.13639 25.90939),0,69,ID00000318,25.909397,-80.136406,514.5,92.5, , ,-80.1364059448,25.9093971252,34.9838562012,2.7154965401,19.6107788086,0.1254000068,0.0242390968,0.1275999993,0.0642943084,0.0986000001,0.0613400154,0.061999999,0.033217527,0.0384000018,0.0109851649,0.0368999988,0.0116013773,0.0452000014,0.0217800736,0.0549999997,0.0366503559,0.0340999998,0.0126819061,0.0074999998,7.999999797903001E-4,0.0197999999,0.005915368,0.0115,9.378036484122276E-4
25.90939,-80.13641,10/7/22,13:07:47,0,<None>,7.57,31.31,55119.9,5.342,-0.32,-0.1,51814.4,37.6,37.6,2.43,7.763,34.23,52136.7,53.35,146.01,33889,1942.9,0,7.78,-70.5,27.996,5.27,3.3,5.83,12.1,1443.8,POINT (-80.13641 25.90939),0,70,ID00000319,25.909397,-80.136406,514.5,92.5, , ,-80.1364059448,25.9093971252,34.9838562012,2.7154965401,19.6107788086,0.1254000068,0.0242390968,0.1275999993,0.0642943084,0.0986000001,0.0613400154,0.061999999,0.033217527,0.0384000018,0.0109851649,0.0368999988,0.0116013773,0.0452000014,0.0217800736,0.0549999997,0.0366503559,0.0340999998,0.0126819061,0.0074999998,7.999999797903001E-4,0.0197999999,0.005915368,0.0115,9.378036484122276E-4
25.90938,-80.13642,10/7/22,13:08:02,0,<None>,0.55,2.29,55973.2,4.289,5.31,1.78,52741.6,88.3,88.3,5.71,6.237,34.92,53056.3,0.66,1.81,34487,792.52,0,7.93,-79.8,27.878,4.319,2.9,5.83,12.1,1443.8,POINT (-80.13642 25.90938),0,71,ID00000320,25.909397,-80.136406,514.5,92.5, , ,-80.1364059448,25.9093971252,34.9838562012,2.7154965401,19.6107788086,0.1254000068,0.0242390968,0.1275999993,0.0642943084,0.0986000001,0.0613400154,0.061999999,0.033217527,0.0384000018,0.0109851649,0.0368999988,0.0116013773,0.0452000014,0.0217800736,0.0549999997,0.0366503559,0.0340999998,0.0126819061,0.0074999998,7.999999797903001E-4,0.0197999999,0.005915368,0.0115,9.378036484122276E-4
25.90937,-80.13644,10/7/22,13:08:17,0,<None>,1.03,4.3,55484.1,3.076,6.62,2.21,52546.3,96.1,96.1,6.23,4.473,34.76,52831.4,2.48,6.8,34340,171.03,0,7.95,-80.9,27.629,3.111,2.9,5.83,12.1,1443.8,POINT (-80.13644 25.90937),0,72,ID00000321,25.909397,-80.136406,514.5,92.5, , ,-80.1364059448,25.9093971252,34.9838562012,2.7154965401,19.6107788086,0.1254000068,0.0242390968,0.1275999993,0.0642943084,0.0986000001,0.0613400154,0.061999999,0.033217527,0.0384000018,0.0109851649,0.0368999988,0.0116013773,0.0452000014,0.0217800736,0.0549999997,0.0366503559,0.0340999998,0.0126819061,0.0074999998,7.999999797903001E-4,0.0197999999,0.005915368,0.0115,9.378036484122276E-4
25.90935,-80.13647,10/7/22,13:08:32,0,<None>,0.3,1.27,55198,3.084,5.52,1.85,52429,98,98,6.38,4.484,34.66,52697.2,0.88,2.41,34253,27.95,0,7.97,-81.7,27.485,3.02,3.5,5.83,12.1,1443.8,POINT (-80.13647 25.90935),0,73,ID00000322,25.909307,-80.136505,513.5,93.5, , ,-80.136505127,25.9093074799,34.9838562012,2.7154965401,19.6107788086,0.1254000068,0.0242417976,0.0926000029,0.0218290854,0.0665000007,0.0227664188,0.0342000015,0.0022211047,0.0384000018,0.0109868497,0.0368999988,0.0116029726,0.0452000014,0.0217815172,0.0189999994,-0.0030459054,0.0340999998,0.0126832901,0.0074999998,7.999999797903001E-4,0.0197999999,0.0059161438,0.0115,9.379377588629723E-4
25.90933,-80.13649,10/7/22,13:08:47,0,<None>,0.44,1.88,55116.5,1.974,5.59,1.87,52387.9,99.4,99.4,6.47,2.87,34.63,52652.1,1.32,3.63,34224,17.05,0,7.97,-82,27.451,2.02,4.4,5.83,12.1,1443.9,POINT (-80.13649 25.90933),0,74,ID00000323,25.909307,-80.136505,513.5,93.5, , ,-80.136505127,25.9093074799,34.9838562012,2.7154965401,19.6107788086,0.1254000068,0.0242417976,0.0926000029,0.0218290854,0.0665000007,0.0227664188,0.0342000015,0.0022211047,0.0384000018,0.0109868497,0.0368999988,0.0116029726,0.0452000014,0.0217815172,0.0189999994,-0.0030459054,0.0340999998,0.0126832901,0.0074999998,7.999999797903001E-4,0.0197999999,0.0059161438,0.0115,9.379377588629723E-4
25.90933,-80.13651,10/7/22,13:09:02,0,<None>,0.31,1.31,55276.1,2.098,5.93,1.98,52330.4,99.9,99.9,6.49,3.051,34.6,52616.4,0.89,2.46,34201,10.56,0,7.97,-81.7,27.647,2.407,4.2,5.83,12.1,1443.7,POINT (-80.13651 25.90933),0,75,ID00000324,25.909307,-80.136505,513.5,93.5, , ,-80.136505127,25.9093074799,34.9838562012,2.7154965401,19.6107788086,0.1254000068,0.0242417976,0.0926000029,0.0218290854,0.0665000007,0.0227664188,0.0342000015,0.0022211047,0.0384000018,0.0109868497,0.0368999988,0.0116029726,0.0452000014,0.0217815172,0.0189999994,-0.0030459054,0.0340999998,0.0126832901,0.0074999998,7.999999797903001E-4,0.0197999999,0.0059161438,0.0115,9.379377588629723E-4
25.90932,-80.13654,10/7/22,13:09:17,0,<None>,0.25,1.07,55258.2,2.049,5.68,1.9,52320.4,100,100,6.5,2.979,34.59,52605.6,0.6,1.64,34194,0.91,0,7.96,-81.6,27.64,1.535,4,5.83,12.1,1443.8,POINT (-80.13654 25.90932),0,76,ID00000325,25.909307,-80.136505,513.5,93.5, , ,-80.136505127,25.9093074799,34.9838562012,2.7154965401,19.6107788086,0.1254000068,0.0242417976,0.0926000029,0.0218290854,0.0665000007,0.0227664188,0.0342000015,0.0022211047,0.0384000018,0.0109868497,0.0368999988,0.0116029726,0.0452000014,0.0217815172,0.0189999994,-0.0030459054,0.0340999998,0.0126832901,0.0074999998,7.999999797903001E-4,0.0197999999,0.0059161438,0.0115,9.379377588629723E-4
25.90931,-80.13656,10/7/22,13:09:32,0,<None>,0.21,0.92,55355,1.868,5.83,1.95,52264,100.5,100.5,6.52,2.716,34.55,52564.6,0.49,1.36,34167,0.1,0,7.96,-81.5,27.779,1.523,4,5.83,12.1,1443.6,POINT (-80.13656 25.90931),0,77,ID00000326,25.909307,-80.136604,512.5,93.5, , ,-80.1366043091,25.9093074799,34.9838562012,2.7154965401,19.6107788086,0.1254000068,0.0287652947,0.0930000022,0.0277057961,0.0692000017,0.0322063863,0.0313000008,0.0057856059,0.0292000007,0.0076924609,0.0289999992,0.0099987434,0.0326000005,0.0155447572,0.0218000002,0.0072384793,0.0267999992,0.0123407962,0.0074999998,7.999999797903001E-4,0.0137999998,0.0069187423,0.0049000001,2.850187011063099E-4
25.90929,-80.13658,10/7/22,13:09:47,0,<None>,0.29,1.24,54351.1,0.899,7.96,2.66,51279.7,98.4,98.4,6.4,1.307,33.83,51578.5,0.55,1.52,33526,2.76,0,7.95,-80.7,27.814,1.399,4.2,5.83,12.1,1443.6,POINT (-80.13658 25.90929),0,78,ID00000327,25.909307,-80.136604,512.5,93.5, , ,-80.1366043091,25.9093074799,34.9838562012,2.7154965401,19.6107788086,0.1254000068,0.0287652947,0.0930000022,0.0277057961,0.0692000017,0.0322063863,0.0313000008,0.0057856059,0.0292000007,0.0076924609,0.0289999992,0.0099987434,0.0326000005,0.0155447572,0.0218000002,0.0072384793,0.0267999992,0.0123407962,0.0074999998,7.999999797903001E-4,0.0137999998,0.0069187423,0.0049000001,2.850187011063099E-4
25.90928,-80.1366,10/7/22,13:10:02,0,<None>,0.22,0.94,54889.5,1.244,6.77,2.27,51917.7,100.9,100.9,6.56,1.808,34.29,52206.4,0.49,1.36,33934,0.29,0,7.95,-80.9,27.691,0.903,4.2,5.83,12.1,1443.7,POINT (-80.1366 25.90928),0,79,ID00000328,25.909307,-80.136604,512.5,93.5, , ,-80.1366043091,25.9093074799,34.9838562012,2.7154965401,19.6107788086,0.1254000068,0.0287652947,0.0930000022,0.0277057961,0.0692000017,0.0322063863,0.0313000008,0.0057856059,0.0292000007,0.0076924609,0.0289999992,0.0099987434,0.0326000005,0.0155447572,0.0218000002,0.0072384793,0.0267999992,0.0123407962,0.0074999998,7.999999797903001E-4,0.0137999998,0.0069187423,0.0049000001,2.850187011063099E-4
25.90927,-80.13663,10/7/22,13:10:17,0,<None>,0.34,1.46,53191.6,0.363,11.14,3.68,50086.6,95.5,95.5,6.23,0.527,32.95,50389.1,0.64,1.76,32753,0.07,0,7.92,-79.1,27.913,0.39,4.1,5.83,12.1,1443.6,POINT (-80.13663 25.90927),0,80,ID00000329,25.909307,-80.136604,512.5,93.5, , ,-80.1366043091,25.9093074799,34.9838562012,2.7154965401,19.6107788086,0.1254000068,0.0287652947,0.0930000022,0.0277057961,0.0692000017,0.0322063863,0.0313000008,0.0057856059,0.0292000007,0.0076924609,0.0289999992,0.0099987434,0.0326000005,0.0155447572,0.0218000002,0.0072384793,0.0267999992,0.0123407962,0.0074999998,7.999999797903001E-4,0.0137999998,0.0069187423,0.0049000001,2.850187011063099E-4
25.90926,-80.13664,10/7/22,13:10:32,0,<None>,0.4,1.67,51044.4,0.226,17.19,5.74,48050.2,94.5,94.5,6.22,0.327,31.45,48342,0.7,1.93,31422,0.11,0,7.86,-75.6,27.927,-0.043,2.9,5.83,12.1,1443.6,POINT (-80.13664 25.90926),0,81,ID00000330,25.909218,-80.136604,512.5,94.5, , ,-80.1366043091,25.9092178345,34.9838562012,2.7154965401,19.6107788086,0.1254000068,0.0245184787,0.0957000032,0.0259398911,0.0705000013,0.0279658772,0.0384999998,0.0074378513,0.0388999991,0.0119645819,0.0408999994,0.0164018199,0.0355000012,0.0119333463,0.0254999995,0.0045685191,0.0397000015,0.0189329274,0.0074999998,7.999999797903001E-4,0.0190999992,0.0056221327,0.0110999998,8.98502767086029E-4
25.90981,-80.13625,10/7/22,13:03:13,0,<None>,5.55,22.96,56069.7,5.213,6.08,2.03,52788.7,91.5,91.5,5.9,7.58,34.95,53108.3,21.12,57.82,34520,328.47,0,7.9,-77.5,27.919,5.21,1.1,5.83,12.1,1443.8,POINT (-80.13625 25.90981),0,82,ID00000331,25.909847,-80.136299,515.5,87.5, , ,-80.1362991333,25.9098472595,34.9841003418,2.7123384476,19.5721740723,0.1224000007,0.0243623089,0.0940999985,0.0284690559,0.0724000037,0.0354005732,0.0308999997,0.0046108062,0.0295000002,0.0072848685,0.0296999998,0.0100131379,0.0241,0.0057649547,0.0228000004,0.0075749867,0.0264999997,0.0112573719,0.0052,6.000000284984708E-4,0.0119000003,0.0041285958,0.0055999998,3.5397824831306934E-4
25.90982,-80.13626,10/7/22,13:03:28,0,<None>,4.3,17.82,56068.9,5.211,5.86,1.96,52786.3,91.6,91.6,5.91,7.577,34.95,53106.1,15.46,42.31,34519,558.19,0,7.92,-78.9,27.921,5.206,1.8,5.83,12.1,1443.8,POINT (-80.13626 25.90982),0,83,ID00000332,25.909847,-80.136299,515.5,87.5, , ,-80.1362991333,25.9098472595,34.9841003418,2.7123384476,19.5721740723,0.1224000007,0.0243623089,0.0940999985,0.0284690559,0.0724000037,0.0354005732,0.0308999997,0.0046108062,0.0295000002,0.0072848685,0.0296999998,0.0100131379,0.0241,0.0057649547,0.0228000004,0.0075749867,0.0264999997,0.0112573719,0.0052,6.000000284984708E-4,0.0119000003,0.0041285958,0.0055999998,3.5397824831306934E-4
25.90981,-80.13627,10/7/22,13:03:43,0,<None>,5.36,22.2,56061.4,5.21,7.12,2.38,52773.4,91.4,91.4,5.9,7.576,34.94,53093.8,32.09,87.83,34511,314.74,0,7.67,-63.7,27.926,5.184,2.6,5.83,12.1,1443.9,POINT (-80.13627 25.90981),0,84,ID00000333,25.909847,-80.136299,515.5,87.5, , ,-80.1362991333,25.9098472595,34.9841003418,2.7123384476,19.5721740723,0.1224000007,0.0243623089,0.0940999985,0.0284690559,0.0724000037,0.0354005732,0.0308999997,0.0046108062,0.0295000002,0.0072848685,0.0296999998,0.0100131379,0.0241,0.0057649547,0.0228000004,0.0075749867,0.0264999997,0.0112573719,0.0052,6.000000284984708E-4,0.0119000003,0.0041285958,0.0055999998,3.5397824831306934E-4
25.90979,-80.13628,10/7/22,13:03:58,0,<None>,2.88,11.95,55997,5.202,2.74,0.92,52697.8,91.2,91.2,5.89,7.564,34.89,53019.3,24.41,66.82,34463,304.7,0,7.42,-49,27.94,5.217,2.2,5.83,12.1,1443.9,POINT (-80.13628 25.90979),0,85,ID00000334,25.909758,-80.136299,515.5,88.5, , ,-80.1362991333,25.9097576141,34.9841003418,2.7123384476,19.5721740723,0.1224000007,0.0237459913,0.0936999992,0.0272466466,0.0734999999,0.0358825624,0.0340999998,0.007259245,0.0251000002,0.0014415537,0.0254999995,0.0044587138,0.0315000005,0.0126471929,0.0266999993,0.0108998558,0.0200999994,0.0036238017,0.0052,6.000000284984708E-4,0.0129000004,0.0041843429,0.0065000001,4.430231638252735E-4
25.90978,-80.13627,10/7/22,13:04:13,0,<None>,0.4,1.71,55570.1,0.589,3.51,1.18,52404,92.9,92.9,6.01,0.857,34.66,52712.1,1.67,4.59,34263,650.08,0,7.94,-79.9,27.839,0.888,1.4,5.83,12.1,1444.1,POINT (-80.13627 25.90978),0,86,ID00000335,25.909758,-80.136299,515.5,88.5, , ,-80.1362991333,25.9097576141,34.9841003418,2.7123384476,19.5721740723,0.1224000007,0.0237459913,0.0936999992,0.0272466466,0.0734999999,0.0358825624,0.0340999998,0.007259245,0.0251000002,0.0014415537,0.0254999995,0.0044587138,0.0315000005,0.0126471929,0.0266999993,0.0108998558,0.0200999994,0.0036238017,0.0052,6.000000284984708E-4,0.0129000004,0.0041843429,0.0065000001,4.430231638252735E-4
25.90978,-80.13709,10/7/22,12:58:14,0,<None>,0.35,1.48,50161,-0.356,21.92,7.31,47287.3,99.1,99.1,6.55,-0.516,30.89,47567,0.74,2.03,30919,3.13,0,7.81,-72.6,27.855,-0.285,2.6,5.83,12.1,1443,POINT (-80.13709 25.90978),0,87,ID00000336,25.909761,-80.1371,507.5,88.5, , ,-80.1371002197,25.9097614288,34.9846038818,2.7204115391,19.6760406494,0.1372999996,0.0398624875,0.0935999975,0.0232251976,0.0719000027,0.0294737369,0.0355000012,0.0038892832,0.0289999992,7.520252838730812E-4,0.0416000001,0.0169602782,0.0406000018,0.017130807,0.0436000004,0.0243198853,0.0447999984,0.0240083672,0.0406000018,8.999999845400453E-4,0.0265999995,0.0133283352,0.0113000004,9.188773110508919E-4
25.90977,-80.13709,10/7/22,12:58:29,0,<None>,0.4,1.69,50224.6,-0.281,21.77,7.26,47329.2,92.4,92.4,6.1,-0.408,30.92,47611.2,0.74,2.03,30947,-0.15,0,7.81,-72.3,27.874,-0.198,1.5,5.83,12.1,1442.9,POINT (-80.13709 25.90977),0,88,ID00000337,25.909761,-80.1371,507.5,88.5, , ,-80.1371002197,25.9097614288,34.9846038818,2.7204115391,19.6760406494,0.1372999996,0.0398624875,0.0935999975,0.0232251976,0.0719000027,0.0294737369,0.0355000012,0.0038892832,0.0289999992,7.520252838730812E-4,0.0416000001,0.0169602782,0.0406000018,0.017130807,0.0436000004,0.0243198853,0.0447999984,0.0240083672,0.0406000018,8.999999845400453E-4,0.0265999995,0.0133283352,0.0113000004,9.188773110508919E-4
25.90976,-80.13709,10/7/22,12:58:44,0,<None>,0.39,1.65,51463.1,-0.107,19.54,6.52,48496.8,90.7,90.7,5.96,-0.156,31.77,48785.6,0.82,2.25,31711,-0.1,0,7.82,-72.9,27.873,0.004,1.1,5.83,12.1,1442.9,POINT (-80.13709 25.90976),0,89,ID00000338,25.909761,-80.1371,507.5,88.5, , ,-80.1371002197,25.9097614288,34.9846038818,2.7204115391,19.6760406494,0.1372999996,0.0398624875,0.0935999975,0.0232251976,0.0719000027,0.0294737369,0.0355000012,0.0038892832,0.0289999992,7.520252838730812E-4,0.0416000001,0.0169602782,0.0406000018,0.017130807,0.0436000004,0.0243198853,0.0447999984,0.0240083672,0.0406000018,8.999999845400453E-4,0.0265999995,0.0133283352,0.0113000004,9.188773110508919E-4
25.90974,-80.13708,10/7/22,12:58:59,0,<None>,0.45,1.88,51256.9,-0.005,19.4,6.47,48291.3,90.1,90.1,5.92,-0.008,31.62,48580.1,0.85,2.33,31577,-0.13,0,7.82,-73.1,27.885,-0.072,1,5.83,12.1,1443.1,POINT (-80.13708 25.90974),0,90,ID00000339,25.909761,-80.1371,507.5,88.5, , ,-80.1371002197,25.9097614288,34.9846038818,2.7204115391,19.6760406494,0.1372999996,0.0398624875,0.0935999975,0.0232251976,0.0719000027,0.0294737369,0.0355000012,0.0038892832,0.0289999992,7.520252838730812E-4,0.0416000001,0.0169602782,0.0406000018,0.017130807,0.0436000004,0.0243198853,0.0447999984,0.0240083672,0.0406000018,8.999999845400453E-4,0.0265999995,0.0133283352,0.0113000004,9.188773110508919E-4
25.90977,-80.137,10/7/22,12:59:14,0,<None>,0.38,1.6,50076,-0.064,21.62,7.21,47170.5,89.5,89.5,5.91,-0.092,30.8,47453.5,0.8,2.2,30845,-0.15,0,7.81,-72.2,27.893,-0.164,1.1,5.83,12.1,1443.1,POINT (-80.137 25.90977),0,91,ID00000340,25.909761,-80.137001,508.5,88.5, , ,-80.1370010376,25.9097614288,34.9846038818,2.7204115391,19.6760406494,0.1372999996,0.0398601182,0.0944000036,0.0241990369,0.0733999982,0.0312786847,0.0353999995,0.0037758695,0.0289999992,7.503591477870941E-4,0.0416000001,0.0169588104,0.0406000018,0.0171294101,0.0318999998,0.0114182057,0.0447999984,0.0240071341,0.0406000018,8.999999845400453E-4,0.0265999995,0.013327647,0.0113000004,9.187487885355949E-4
25.90982,-80.13692,10/7/22,12:59:29,0,<None>,0.38,1.63,49927.4,-0.15,22.09,7.37,47044.8,91.3,91.3,6.04,-0.217,30.71,47325.5,0.76,2.1,30762,-0.22,0,7.81,-72.3,27.878,-0.159,1.2,5.83,12.1,1443,POINT (-80.13692 25.90982),0,92,ID00000341,25.909851,-80.136902,509.5,87.5, , ,-80.1369018555,25.9098510742,34.9843521118,2.7163748741,19.6240997314,0.1240999997,0.021801915,0.0917999968,0.0199627355,0.0697000027,0.0256013833,0.0344999991,0.0014287345,0.0375000015,0.0088363551,0.0511000007,0.0259447247,0.0584000014,0.034575209,0.0328000002,0.010993381,0.0579999983,0.0362599418,0.0126,7.999999797903001E-4,0.0271000005,0.0124088489,0.0126,0.0010472508
25.90987,-80.13683,10/7/22,12:59:44,0,<None>,0.36,1.55,49961,-0.194,22.01,7.34,47072.9,91.5,91.5,6.05,-0.282,30.73,47354.1,0.75,2.07,30780,-0.21,0,7.81,-72.4,27.882,-0.241,1.6,5.83,12.1,1443.2,POINT (-80.13683 25.90987),0,93,ID00000342,25.909851,-80.136803,510.5,87.5, , ,-80.1368026733,25.9098510742,34.9843521118,2.7163748741,19.6240997314,0.1240999997,0.0217993818,0.0932999998,0.0217915419,0.0698999986,0.0258406494,0.0340000018,8.684229105710983E-4,0.0375000015,0.0088347699,0.0511000007,0.0259433426,0.0584000014,0.0345739573,0.0274999999,0.005144164,0.0579999983,0.0362587981,0.0126,7.999999797903001E-4,0.0271000005,0.0124081532,0.0126,0.0010471158
25.90991,-80.13673,10/7/22,12:59:59,0,<None>,0.42,1.79,50040.7,-0.208,21.77,7.26,47143.1,91.4,91.4,6.04,-0.301,30.78,47425.3,0.75,2.08,30826,-0.23,0,7.81,-72.5,27.887,-0.203,1.1,5.83,12.1,1443.1,POINT (-80.13673 25.90991),0,94,ID00000343,25.909941,-80.136696,511.5,86.5, , ,-80.1366958618,25.9099407196,34.9843521118,2.7163748741,19.6240997314,0.1240999997,0.0257694814,0.0934000015,0.0266444422,0.0724000037,0.0342837237,0.0331999995,0.0059512379,0.0273000002,0.0035820496,0.0276999995,0.0065526832,0.0284000002,0.009040447,0.0280000009,0.0120133013,0.0244999994,0.0078706946,0.0126,7.999999797903001E-4,0.0146000003,0.0056505017,0.0068000001,4.730871878564358E-4
25.90993,-80.13662,10/7/22,13:00:14,0,<None>,0.36,1.53,50266.6,-0.215,20.99,7.01,47365.2,91.8,91.8,6.06,-0.312,30.94,47647.7,0.7,1.92,30971,-0.27,0,7.82,-72.9,27.877,-0.224,0.1,5.83,12.1,1443.2,POINT (-80.13662 25.90993),0,95,ID00000344,25.909939,-80.136597,512.5,86.5, , ,-80.1365966797,25.9099388123,34.9843521118,2.7163748741,19.6240997314,0.1240999997,0.0257668868,0.0944000036,0.0278623197,0.0738999993,0.0360884778,0.0328000002,0.0055024978,0.0273000002,0.0035803365,0.0276999995,0.0065510762,0.0284000002,0.0090389326,0.0227000006,0.006161401,0.0244999994,0.0078692986,0.0126,7.999999797903001E-4,0.0146000003,0.0056497832,0.0068000001,4.7298800200223923E-4
25.90995,-80.13652,10/7/22,13:00:29,0,<None>,0.39,1.64,50501.5,-0.206,20.03,6.68,47596.9,93.5,93.5,6.17,-0.299,31.11,47879.7,0.64,1.77,31122,-0.27,0,7.84,-73.8,27.867,-0.196,0,5.83,12.1,1443.3,POINT (-80.13652 25.90995),0,96,ID00000345,25.909939,-80.136497,513.5,86.5, , ,-80.1364974976,25.9099388123,34.9843521118,2.7163748741,19.6240997314,0.1240999997,0.0263807923,0.0949999988,0.0293264594,0.0736000016,0.0365684517,0.0322999991,0.0058697518,0.0266999993,0.0038566003,0.0285999998,0.0084931999,0.0273000002,0.0088408682,0.0244999994,0.0091278255,0.0238000005,0.0081273932,0.0126,7.999999797903001E-4,0.0115999999,0.003478962,0.0059000002,3.838390111923218E-4
25.90998,-80.13646,10/7/22,13:00:44,0,<None>,0.4,1.68,50162.6,-0.176,20.66,6.9,47269.4,93.2,93.2,6.16,-0.255,30.87,47551.2,0.74,2.02,30908,-0.25,0,7.83,-73.7,27.875,-0.213,0.5,5.83,12.1,1443.5,POINT (-80.13646 25.90998),0,97,ID00000346,25.909939,-80.136497,513.5,86.5, , ,-80.1364974976,25.9099388123,34.9843521118,2.7163748741,19.6240997314,0.1240999997,0.0263807923,0.0949999988,0.0293264594,0.0736000016,0.0365684517,0.0322999991,0.0058697518,0.0266999993,0.0038566003,0.0285999998,0.0084931999,0.0273000002,0.0088408682,0.0244999994,0.0091278255,0.0238000005,0.0081273932,0.0126,7.999999797903001E-4,0.0115999999,0.003478962,0.0059000002,3.838390111923218E-4
25.90996,-80.13639,10/7/22,13:00:59,0,<None>,0.4,1.71,50156.2,-0.148,20.91,6.98,47254.2,92.7,92.7,6.12,-0.214,30.86,47536.8,0.72,1.98,30899,-0.27,0,7.82,-73.2,27.885,-0.065,0.9,5.83,12.1,1443.5,POINT (-80.13639 25.90996),0,98,ID00000347,25.909939,-80.136398,514.5,86.5, , ,-80.1363983154,25.9099388123,34.9843521118,2.7163748741,19.6240997314,0.1240999997,0.0263781846,0.0956000015,0.0300559513,0.0729999989,0.0358439982,0.0324000008,0.0059797247,0.0266999993,0.0038548741,0.0285999998,0.0084915934,0.0273000002,0.008839339,0.0228000004,0.0072494908,0.0238000005,0.0081259897,0.0126,7.999999797903001E-4,0.0115999999,0.0034782346,0.0059000002,3.837449476122856E-4
25.90993,-80.13634,10/7/22,13:01:14,0,<None>,0.42,1.78,50496.3,-0.113,19.73,6.59,47579,92.7,92.7,6.11,-0.163,31.1,47863.1,0.72,1.98,31111,-0.27,0,7.83,-73.6,27.88,-0.183,0.8,5.83,12.1,1443.5,POINT (-80.13634 25.90993),0,99,ID00000348,25.909937,-80.136299,515.5,86.5, , ,-80.1362991333,25.9099369049,34.9841003418,2.7123384476,19.5721740723,0.1224000007,0.0243621226,0.0935000032,0.0277367923,0.0733999982,0.0366049446,0.0328000002,0.0067342087,0.0295000002,0.0072847642,0.0296999998,0.010013042,0.0241,0.0057648607,0.0239000004,0.0087893941,0.0264999997,0.011257288,0.0052,6.000000284984708E-4,0.0119000003,0.0041285502,0.0055999998,3.539728932082653E-4
25.9099,-80.13625,10/7/22,13:01:29,0,<None>,0.37,1.58,50121,-0.13,20.75,6.92,47227.2,93.5,93.5,6.18,-0.188,30.84,47509,0.7,1.92,30881,-0.26,0,7.83,-73.7,27.878,-0.195,0.6,5.83,12.1,1443.6,POINT (-80.13625 25.9099),0,100,ID00000349,25.909937,-80.136299,515.5,86.5, , ,-80.1362991333,25.9099369049,34.9841003418,2.7123384476,19.5721740723,0.1224000007,0.0243621226,0.0935000032,0.0277367923,0.0733999982,0.0366049446,0.0328000002,0.0067342087,0.0295000002,0.0072847642,0.0296999998,0.010013042,0.0241,0.0057648607,0.0239000004,0.0087893941,0.0264999997,0.011257288,0.0052,6.000000284984708E-4,0.0119000003,0.0041285502,0.0055999998,3.539728932082653E-4
25.90987,-80.13619,10/7/22,13:01:44,0,<None>,0.41,1.74,50161,-0.143,20.26,6.76,47268.6,94.2,94.2,6.22,-0.208,30.87,47550.3,0.7,1.94,30908,-0.3,0,7.83,-73.8,27.875,0.001,0.6,5.83,12.1,1443.7,POINT (-80.13619 25.90987),0,101,ID00000350,25.909847,-80.1362,516.5,87.5, , ,-80.1361999512,25.9098472595,34.9841003418,2.7123384476,19.5721740723,0.1224000007,0.0243596733,0.0926999971,0.0267582666,0.0692000017,0.0315424018,0.0318000019,0.0056149606,0.0295000002,0.0072831656,0.0296999998,0.010011537,0.0241,0.0057634008,0.0234999992,0.0083463974,0.0264999997,0.011255987,0.0052,6.000000284984708E-4,0.0119000003,0.0041278736,0.0055999998,3.53886978700757E-4
25.90708,-80.13725,10/7/22,12:46:50,0,<None>,0.2,0.87,54840.4,1.609,6.69,2.24,51975,102.8,102.8,6.69,2.338,34.33,52253,0.32,0.88,33964,-0.2,0,7.96,-81.3,27.593,1.596,1.2,5.82,12.1,1445.8,POINT (-80.13725 25.90708),0,102,ID00000351,25.907053,-80.137222,506.5,118.5, , ,-80.13722229,25.9070529938,34.9821243286,2.7160196304,19.6094360352,0.1280000061,0.0236787498,0.0926000029,0.0171152372,0.0728999972,0.0250638947,0.0362000018,-0.0015081223,0.0406000018,0.0073509682,0.0656000003,0.0367545038,0.0773999989,0.0495969355,0.0329000019,0.00599063,0.0811000019,0.0550180376,0.0217000004,8.999999845400453E-4,0.0430999994,0.0240818616,0.0173000004,0.0015130891
25.90709,-80.13725,10/7/22,12:47:05,0,<None>,0.24,1.01,54506.6,1.606,7.48,2.5,51686.3,102.7,102.7,6.7,2.335,34.11,51959.8,0.35,0.97,33774,-0.31,0,7.96,-81.2,27.566,1.513,3.1,5.82,12.1,1445.7,POINT (-80.13725 25.90709),0,103,ID00000352,25.907053,-80.137222,506.5,118.5, , ,-80.13722229,25.9070529938,34.9821243286,2.7160196304,19.6094360352,0.1280000061,0.0236787498,0.0926000029,0.0171152372,0.0728999972,0.0250638947,0.0362000018,-0.0015081223,0.0406000018,0.0073509682,0.0656000003,0.0367545038,0.0773999989,0.0495969355,0.0329000019,0.00599063,0.0811000019,0.0550180376,0.0217000004,8.999999845400453E-4,0.0430999994,0.0240818616,0.0173000004,0.0015130891
25.9071,-80.13718,10/7/22,12:47:20,0,<None>,0.37,1.56,51299.2,1.255,13.72,4.58,48594.1,94.8,94.8,6.26,1.821,31.83,48856.6,0.63,1.73,31757,-0.24,0,7.88,-76.4,27.618,1.452,2.3,5.83,12.1,1445.8,POINT (-80.13718 25.9071),0,104,ID00000353,25.907145,-80.137215,506.5,117.5, , ,-80.1372146606,25.9071445465,34.9821243286,2.7160196304,19.6094360352,0.1280000061,0.0267607924,0.1076999977,0.0391700417,0.1015999988,0.0637270212,0.0648000017,0.0350068249,0.0410000011,0.0125235133,0.053199999,0.0280296132,0.0579000004,0.0338365585,0.0713,0.0531763621,0.0516000018,0.0294161104,0.0217000004,8.999999845400453E-4,0.0308999997,0.0162041169,0.0127999997,0.0010677036
25.90713,-80.13712,10/7/22,12:47:35,0,<None>,0.36,1.54,50009.2,1.206,14.18,4.74,47376.7,94.3,94.3,6.25,1.749,30.94,47632.1,0.64,1.76,30961,-0.32,0,7.83,-73.5,27.612,0.706,-0.2,5.83,12.1,1445.9,POINT (-80.13712 25.90713),0,105,ID00000354,25.907145,-80.137115,507.5,117.5, , ,-80.1371154785,25.9071445465,34.9821243286,2.7160196304,19.6094360352,0.1280000061,0.0270323083,0.0917000026,0.0200126804,0.0644999966,0.0195242651,0.0351000018,0.0023116795,0.0379999988,0.0096083386,0.0342999995,0.0078131389,0.0351000018,0.0101163732,0.0284000002,0.0063619735,0.0366999991,0.0144043816,0.0217000004,8.999999845400453E-4,0.0237000007,0.0090416996,0.0124000004,0.001027978
25.90721,-80.13708,10/7/22,12:47:50,0,<None>,0.45,1.9,49963.7,0.973,21.18,7.07,47380.2,93.6,93.6,6.22,1.411,30.94,47630.7,0.94,2.6,30960,-0.27,0,7.83,-73.4,27.567,0.955,-0.7,5.83,12.1,1445.9,POINT (-80.13708 25.90721),0,106,ID00000355,25.907234,-80.137115,507.5,116.5, , ,-80.1371154785,25.9072341919,34.9821243286,2.7160196304,19.6094360352,0.1280000061,0.0270321388,0.0940999985,0.0229416545,0.0640999973,0.0190414116,0.0423999988,0.0104616899,0.0379999988,0.0096082436,0.0342999995,0.0078130504,0.0351000018,0.0101162912,0.0329000019,0.0113266604,0.0366999991,0.0144043025,0.0217000004,8.999999845400453E-4,0.0237000007,0.009041653,0.0124000004,0.0010279724
25.90727,-80.13705,10/7/22,12:48:05,0,<None>,0.27,1.16,54568.4,0.91,12.13,4.05,51616.1,99.9,99.9,6.5,1.322,34.07,51902.8,0.7,1.94,33737,-0.3,0,7.95,-80.7,27.689,0.988,-1.8,5.83,12.1,1445.8,POINT (-80.13705 25.90727),0,107,ID00000356,25.907234,-80.137016,508.5,116.5, , ,-80.1370162964,25.9072341919,34.9821243286,2.7160196304,19.6094360352,0.1280000061,0.0270296484,0.0904999971,0.018544849,0.068599999,0.0244677961,0.0304000005,-0.0029419884,0.0379999988,0.0096066613,0.0342999995,0.0078115286,0.0351000018,0.0101148551,0.0296,0.0076846378,0.0366999991,0.0144030163,0.0217000004,8.999999845400453E-4,0.0237000007,0.0090409396,0.0124000004,0.0010278365
25.90735,-80.13702,10/7/22,12:48:20,0,<None>,0.32,1.38,53901.8,1,9.53,3.19,50982.9,100.7,100.7,6.57,1.454,33.6,51266.4,0.51,1.41,33323,-0.29,0,7.94,-80,27.692,0.831,-2.8,5.83,12.1,1445.8,POINT (-80.13702 25.90735),0,108,ID00000357,25.907324,-80.137016,508.5,115.5, , ,-80.1370162964,25.9073238373,34.9821243286,2.7160196304,19.6094360352,0.1280000061,0.0287419632,0.0886000022,0.0182633549,0.0688000023,0.0270504691,0.0322000012,0.0016465932,0.0307,0.0041157883,0.0295000002,0.0052260822,0.0326999985,0.010265721,0.0260000005,0.0064352341,0.0270000007,0.0070755426,0.0217000004,8.999999845400453E-4,0.0189999994,0.0068554692,0.0098999999,7.80399888753891E-4
25.90744,-80.13699,10/7/22,12:48:35,0,<None>,0.41,1.72,50979,0.868,18.7,6.24,48041.1,90.8,90.8,5.98,1.258,31.44,48327.2,0.72,1.97,31413,-0.18,0,7.8,-71.7,27.873,0.583,-3.7,5.83,12.1,1445.8,POINT (-80.13699 25.90744),0,109,ID00000358,25.907413,-80.137016,508.5,114.5, , ,-80.1370162964,25.9074134827,34.9821243286,2.7160196304,19.6094360352,0.1280000061,0.0287417863,0.0891000032,0.0188742876,0.0653999969,0.0229497366,0.0315000005,8.641909807920456E-4,0.0307,0.0041156868,0.0295000002,0.005225989,0.0326999985,0.0102656344,0.0244999994,0.0047794059,0.0270000007,0.0070754597,0.0217000004,8.999999845400453E-4,0.0189999994,0.0068554226,0.0098999999,7.803961634635925E-4
25.9075,-80.13697,10/7/22,12:48:50,0,<None>,0.28,1.2,53463.1,0.788,14.31,4.78,50507.2,97.4,97.4,6.36,1.144,33.25,50794.5,0.61,1.68,33016,-0.25,0,7.91,-78.6,27.751,0.665,-1.2,5.83,12.1,1445.8,POINT (-80.13697 25.9075),0,110,ID00000359,25.907505,-80.137016,508.5,113.5, , ,-80.1370162964,25.9075050354,34.9826202393,2.7168979645,19.622756958,0.1255999953,0.0276013762,0.0920000002,0.0247832667,0.0680999979,0.0289228242,0.0310999993,0.0034065079,0.0283000004,0.0044927532,0.0211999994,-7.670377381145954E-4,0.0228000004,0.0028881105,0.0271000005,0.0108087268,0.0219999999,0.0050615245,0.0127999997,6.99999975040555E-4,0.0155999996,0.0064884326,0.0070000002,4.933467134833336E-4
25.90758,-80.13696,10/7/22,12:49:05,0,<None>,0.36,1.51,52582.9,0.725,14.53,4.85,49575.2,93.5,93.5,6.12,1.053,32.57,49868,0.66,1.81,32414,-0.24,0,7.88,-76.5,27.85,0.594,-2.3,5.83,12.1,1445.7,POINT (-80.13696 25.90758),0,111,ID00000360,25.907595,-80.136917,509.5,112.5, , ,-80.1369171143,25.9075946808,34.9823684692,2.7128612995,19.57081604,0.1279000044,0.0242250841,0.0821999982,0.0052066455,0.0566999987,0.0064455103,0.0372000001,6.336560472846031E-4,0.054299999,0.0236066021,0.0750999972,0.0481607243,0.0900999978,0.0640759021,0.0281000007,0.0017794147,0.0737000033,0.0484578982,0.0065000001,6.000000284984708E-4,0.0335999988,0.0151601937,0.0163000003,0.0014135828
25.9077,-80.13698,10/7/22,12:49:20,0,<None>,0.38,1.62,51551.3,0.587,18.29,6.11,48454.2,87.6,87.6,5.75,0.852,31.75,48756.2,0.75,2.08,31692,-0.14,0,7.82,-72.8,28.001,0.317,-1.3,5.83,12.1,1445.6,POINT (-80.13698 25.9077),0,112,ID00000361,25.907684,-80.137016,508.5,111.5, , ,-80.1370162964,25.9076843262,34.9826202393,2.7168979645,19.622756958,0.1255999953,0.0276010111,0.0916000009,0.024294585,0.0671000034,0.0277166739,0.0350000001,0.00776404,0.0269000009,0.002934386,0.0245999992,0.0029545836,0.0278999992,0.008300988,0.0243999995,0.0078283455,0.0203000009,0.0032955012,0.0127999997,6.99999975040555E-4,0.0135000004,0.0042684278,0.0070000002,4.933346062898636E-4
25.90776,-80.13695,10/7/22,12:49:35,0,<None>,0.25,1.07,53972.4,1.333,12.34,4.12,50994.1,97.3,97.3,6.35,1.937,33.61,51283.6,0.6,1.65,33334,-0.21,0,7.93,-79.7,27.744,1.19,0.2,5.83,12.1,1445.4,POINT (-80.13695 25.90776),0,113,ID00000362,25.907774,-80.136917,509.5,110.5, , ,-80.1369171143,25.9077739716,34.9823684692,2.7128612995,19.57081604,0.1279000044,0.0271013733,0.0894000009,0.0174426381,0.0653999969,0.0208867453,0.0337000005,0.0010527149,0.0399999991,0.0121425297,0.0461000018,0.0210215151,0.0421999991,0.0179627072,0.0252,0.003153611,0.0452000014,0.0235455297,0.0065000001,6.000000284984708E-4,0.0217000004,0.0072602676,0.0120999999,9.97963361442089E-4
25.90785,-80.13696,10/7/22,12:49:50,0,<None>,0.37,1.55,52272.2,0.808,14.42,4.81,49259.6,92.3,92.3,6.05,1.173,32.33,49553,0.71,1.94,32209,-0.18,0,7.88,-76.7,27.875,0.743,1.1,5.83,12.1,1445.4,POINT (-80.13696 25.90785),0,114,ID00000363,25.907866,-80.136917,509.5,109.5, , ,-80.1369171143,25.9078655243,34.9823684692,2.7128612995,19.57081604,0.1279000044,0.03018374,0.0908999965,0.0229474567,0.0681999996,0.0284789875,0.0339000002,0.0059146653,0.0296,0.0053066923,0.0293000005,0.0074559981,0.0281000007,0.0078643514,0.0225000009,0.0050753555,0.0250000004,0.0075177937,0.0065000001,6.000000284984708E-4,0.0133999996,0.0034942534,0.0076000001,5.526077002286911E-4
25.90794,-80.13699,10/7/22,12:50:05,0,<None>,0.38,1.6,51941.3,0.744,17.89,5.97,48876.2,89.8,89.8,5.88,1.079,32.06,49174.9,0.73,2,31964,-0.15,0,7.83,-73.4,27.944,0.777,0.7,5.83,12.1,1445.4,POINT (-80.13699 25.90794),0,115,ID00000364,25.907955,-80.137016,508.5,108.5, , ,-80.1370162964,25.9079551697,34.9826202393,2.7168979645,19.622756958,0.1255999953,0.0271894094,0.0908000022,0.0228274558,0.0688999966,0.0293246955,0.0337000005,0.0056928643,0.0306000002,0.0064209099,0.0293000005,0.0074574915,0.0289999992,0.0088207275,0.0262000002,0.0091612414,0.0263,0.0088689793,0.0127999997,6.99999975040555E-4,0.0146000003,0.0047634933,0.0076000001,5.527040921151638E-4
25.90804,-80.137,10/7/22,12:50:20,0,<None>,0.38,1.62,52711.8,0.677,15.25,5.09,49693,94.4,94.4,6.18,0.983,32.65,49986.9,0.68,1.86,32491,-0.18,0,7.85,-75,27.855,0.34,2.5,5.83,12.1,1445.1,POINT (-80.137 25.90804),0,116,ID00000365,25.908047,-80.137009,508.5,107.5, , ,-80.137008667,25.9080467224,34.9831161499,2.7177762985,19.6360778809,0.1253000051,0.0251540318,0.0922000036,0.0225780569,0.0675999969,0.0255089514,0.0328000002,0.0022131307,0.0318000019,0.0052336119,0.0300999992,0.0057750633,0.0306000002,0.0079295998,0.0253999997,0.0056633307,0.0259000007,0.0058231531,0.0098000001,6.000000284984708E-4,0.0174000002,0.0050527472,0.0099999998,7.902355864644051E-4
25.90818,-80.137,10/7/22,12:50:35,0,<None>,0.38,1.59,50704.4,0.485,20.67,6.9,47664.5,90.2,90.2,5.94,0.703,31.17,47960.9,0.71,1.96,31175,-0.22,0,7.82,-72.9,27.995,0.155,1.6,5.83,12.1,1445,POINT (-80.137 25.90818),0,117,ID00000366,25.908136,-80.137009,508.5,106.5, , ,-80.137008667,25.9081363678,34.9831161499,2.7177762985,19.6360778809,0.1253000051,0.025153853,0.0898000002,0.0196468178,0.068599999,0.0267146192,0.0320999995,0.0014307909,0.0318000019,0.0052335113,0.0300999992,0.0057749674,0.0306000002,0.0079295048,0.0252,0.0054424824,0.0259000007,0.0058230711,0.0098000001,6.000000284984708E-4,0.0174000002,0.0050526997,0.0099999998,7.902299985289574E-4
25.9083,-80.13699,10/7/22,12:50:50,0,<None>,0.38,1.62,51001.6,0.307,19.97,6.67,47983.8,90.3,90.3,5.94,0.445,31.4,48278,0.64,1.75,31381,-0.23,0,7.81,-72.3,27.954,0.19,1.2,5.83,12.1,1444.8,POINT (-80.13699 25.9083),0,118,ID00000367,25.908318,-80.137009,508.5,104.5, , ,-80.137008667,25.9083175659,34.9831161499,2.7177762985,19.6360778809,0.1253000051,0.0268660933,0.0908000022,0.0229084641,0.066399999,0.0264031142,0.0304000005,0.0021076598,0.0292000007,0.0049678744,0.0285999998,0.0067979218,0.0285999998,0.0085038086,0.0243999995,0.0072829565,0.0237000007,0.00627835,0.0098000001,6.000000284984708E-4,0.0140000004,0.004240308,0.0074999998,5.42779453098774E-4
25.90846,-80.13696,10/7/22,12:51:05,0,<None>,0.43,1.8,50506,0.223,20.65,6.89,47519.3,91.4,91.4,6.03,0.324,31.06,47810.4,0.76,2.08,31077,-0.24,0,7.81,-72.5,27.952,0.163,1.1,5.83,12.1,1444.8,POINT (-80.13696 25.90846),0,119,ID00000368,25.908497,-80.137009,508.5,102.5, , ,-80.137008667,25.9084968567,34.9831161499,2.7177762985,19.6360778809,0.1253000051,0.0259066578,0.0829000026,0.0121035231,0.0671999976,0.0260563493,0.0324000008,0.0028995154,0.0328000002,0.0075013954,0.0445999987,0.0227939952,0.0416000001,0.0207787827,0.0250000004,0.0064197876,0.0408000015,0.0224906206,0.0098000001,6.000000284984708E-4,0.0170000009,0.0058536306,0.0088999998,6.813318468630314E-4
25.9086,-80.13699,10/7/22,12:51:20,0,<None>,0.4,1.7,50697.1,0.198,20.68,6.9,47672.2,90.1,90.1,5.93,0.288,31.17,47967.1,0.78,2.14,31179,-0.19,0,7.81,-72,27.979,0.223,1.5,5.83,12.1,1444.7,POINT (-80.13699 25.9086),0,120,ID00000369,25.908588,-80.137009,508.5,101.5, , ,-80.137008667,25.9085884094,34.9836120605,2.7186546326,19.6493988037,0.1237000003,0.0230659954,0.0855000019,0.0143884569,0.0671999976,0.0250258669,0.0304000005,-4.6976376324892044E-4,0.0337999985,0.007457519,0.0388000011,0.0152859213,0.0461999997,0.0244660228,0.0247000009,0.0048901178,0.0348000005,0.0150607284,0.0115999999,6.99999975040555E-4,0.0183000006,0.0060037216,0.0099999998,7.901927456259727E-4
25.90869,-80.13699,10/7/22,12:51:35,0,<None>,0.28,1.19,53927.6,0.652,13,4.34,50929.2,97.9,97.9,6.38,0.947,33.56,51220.7,0.57,1.56,33293,-0.3,0,7.93,-79.3,27.767,0.501,1.2,5.83,12.1,1444.6,POINT (-80.13699 25.90869),0,121,ID00000370,25.908678,-80.137009,508.5,100.5, , ,-80.137008667,25.9086780548,34.9836120605,2.7186546326,19.6493988037,0.1237000003,0.0230658036,0.0913000032,0.0214781389,0.067900002,0.0258699097,0.0320000015,0.0013184035,0.0337999985,0.0074574174,0.0388000011,0.0152858309,0.0461999997,0.0244659428,0.0237000007,0.0037860926,0.0348000005,0.0150606465,0.0115999999,6.99999975040555E-4,0.0183000006,0.0060036732,0.0099999998,7.901852950453758E-4
25.90881,-80.13701,10/7/22,12:51:50,0,<None>,0.42,1.78,51157.3,0.467,16.98,5.67,48156.3,90.8,90.8,5.97,0.677,31.53,48448.7,0.69,1.89,31492,-0.16,0,7.81,-72.4,27.927,0.568,0.5,5.83,12.1,1444.4,POINT (-80.13701 25.90881),0,122,ID00000371,25.908768,-80.137009,508.5,99.5, , ,-80.137008667,25.9087677002,34.9836120605,2.7186546326,19.6493988037,0.1237000003,0.0253947768,0.0918999985,0.0249855239,0.0693999976,0.0308631416,0.0342000015,0.007281411,0.0264999997,0.0029082778,0.0291000009,0.0083034914,0.0243999995,0.0050167572,0.0232999995,0.0070487531,0.0228000004,0.0063296733,0.0115999999,6.99999975040555E-4,0.0127999997,0.0039729411,0.0066,4.5366864651441574E-4
25.90892,-80.13704,10/7/22,12:52:05,0,<None>,0.38,1.62,52071.6,0.476,17.21,5.74,49069.2,92.4,92.4,6.06,0.691,32.19,49361.6,0.66,1.83,32085,-0.24,0,7.84,-74.1,27.874,0.268,0.8,5.83,12.1,1444.4,POINT (-80.13704 25.90892),0,123,ID00000372,25.908949,-80.137009,508.5,97.5, , ,-80.137008667,25.9089488983,34.9836120605,2.7186546326,19.6493988037,0.1237000003,0.024914857,0.0932999998,0.0261227489,0.069600001,0.030448243,0.0320999995,0.0042131031,0.0263999999,0.0020610807,0.0309999995,0.0096355658,0.0303000007,0.0105225537,0.0234999992,0.0065066842,0.0251000002,0.0079508368,0.0115999999,6.99999975040555E-4,0.0109999999,0.0012909113,0.0073000002,5.229408852756023E-4
25.90907,-80.13708,10/7/22,12:52:20,0,<None>,0.42,1.79,50021.9,0.351,20.62,6.88,47194.9,93.3,93.3,6.17,0.509,30.82,47470,0.78,2.15,30855,-0.3,0,7.83,-73.8,27.815,0.169,1.4,5.83,12.1,1444.3,POINT (-80.13708 25.90907),0,124,ID00000373,25.90904,-80.137108,507.5,96.5, , ,-80.1371078491,25.909040451,34.9836120605,2.7186546326,19.6493988037,0.1237000003,0.0249172673,0.0930000022,0.0257587321,0.0709000006,0.0320166871,0.0322999991,0.0044382685,0.0263999999,0.0020626928,0.0309999995,0.0096370466,0.0303000007,0.0105239591,0.0242999997,0.0073912232,0.0251000002,0.0079521416,0.0115999999,6.99999975040555E-4,0.0109999999,0.0012916089,0.0073000002,5.230368115007877E-4
25.9092,-80.13713,10/7/22,12:52:35,0,<None>,0.37,1.57,50988.1,0.221,19.84,6.62,48052.4,91.5,91.5,6.03,0.321,31.45,48338.2,0.78,2.16,31420,-0.21,0,7.83,-73.2,27.87,0.123,0.5,5.83,12.1,1444,POINT (-80.13713 25.9092),0,125,ID00000374,25.90922,-80.1371,507.5,94.5, , ,-80.1371002197,25.9092197418,34.9841079712,2.719533205,19.6627197266,0.1256999969,0.0258127302,0.1046999991,0.0379684158,0.0914999992,0.0544366874,0.0573000014,0.0297486056,0.0315000005,0.00511041,0.0351000018,0.0114559438,0.0384999998,0.0165231787,0.0471000001,0.0298109222,0.0320999995,0.0124788135,0.0175000001,6.99999975040555E-4,0.0152000003,0.0029499456,0.0098000001,7.704691961407661E-4
