lat	lon	Date (MM/DD/YYYY)	Time	Time (Fract. Sec)	Site Name	Chlorophyll RFU	Chlorophyll ug/L	Cond µS/cm	Depth m	fDOM QSU	fDOM RFU	nLF Cond µS/cm	ODO % sat	ODO % CB	ODO mg/L	Pressure psi a	Sal psu	SpCond µS/cm	TAL PE RFU	TAL PE ug/L	TDS mg/L	Turbidity FNU	TSS mg/L	pH	pH mV	Temp °C	Vertical Position m	Altitude m	Battery V	Cable Pwr V	Barometer mmHg
25.90926	-80.13665	10/7/22	13:10:37	0	<None>	0.39	1.67	50291.2	0.17	18.69	6.24	47335.4	94.6	94.6	6.24	0.246	30.93	47623.5	0.74	2.02	30955	0.02	0	7.86	-75.1	27.933	-0.138	3.1	5.83	12.1	1443.6
25.90924	-80.13667	10/7/22	13:10:52	0	<None>	0.38	1.61	50292.8	0.065	19.81	6.61	47337.3	94.8	94.8	6.25	0.094	30.93	47625.3	0.79	2.17	30956	-0.26	0	7.84	-74.2	27.932	0.017	2.5	5.83	12.1	1443.6
25.90923	-80.13665	10/7/22	13:11:07	0	<None>	0.42	1.78	50184.8	-0.02	19.77	6.6	47237.2	95	95	6.27	-0.029	30.85	47524.5	0.76	2.09	30891	-0.3	0	7.84	-74.3	27.931	-0.022	1.6	5.83	12.1	1443.6
25.90927	-80.1366	10/7/22	13:11:22	0	<None>	0.4	1.69	50566.7	-0.017	19.04	6.35	47597.2	95.1	95.1	6.27	-0.025	31.12	47886.6	0.81	2.23	31126	-0.28	0	7.84	-74.4	27.93	-0.091	1.4	5.83	12.1	1443.6
25.90929	-80.13654	10/7/22	13:11:37	0	<None>	0.36	1.53	51278.2	-0.05	17.39	5.81	48267.3	94.4	94.4	6.21	-0.072	31.61	48560.7	0.74	2.04	31564	-0.25	0	7.85	-74.9	27.93	-0.073	1.3	5.83	12.1	1443.6
25.9093	-80.13645	10/7/22	13:11:52	0	<None>	0.45	1.9	50383.8	-0.077	19.55	6.53	47408.5	94.9	94.9	6.26	-0.111	30.98	47698.5	0.72	1.98	31004	-0.3	0	7.85	-74.5	27.948	-0.141	0.7	5.83	12.1	1443.6
25.90933	-80.13637	10/7/22	13:12:07	0	<None>	0.39	1.64	50300.4	-0.114	20.35	6.79	47317.1	94.9	94.9	6.26	-0.165	30.91	47607.9	0.7	1.92	30945	-0.29	0	7.84	-74	27.961	-0.164	0.1	5.83	12.1	1443.6
25.90938	-80.13631	10/7/22	13:12:22	0	<None>	0.42	1.79	50510	-0.142	19.91	6.64	47515.5	94.7	94.7	6.24	-0.206	31.06	47807.4	0.75	2.06	31075	-0.29	0	7.84	-74.1	27.96	-0.158	-0.7	5.83	12.1	1443.6
25.90941	-80.13629	10/7/22	13:12:37	0	<None>	0.4	1.71	50969.5	-0.114	18.81	6.28	47945.1	94.1	94.1	6.19	-0.165	31.37	48240	0.79	2.18	31356	-0.25	0	7.84	-74.4	27.962	-0.094	-0.8	5.83	12.1	1443.5
25.90947	-80.13631	10/7/22	13:12:52	0	<None>	0.34	1.44	50701.2	-0.076	18.71	6.24	47691	94.1	94.1	6.2	-0.11	31.19	47984.4	0.72	1.99	31190	-0.29	0	7.84	-74.4	27.964	-0.081	-1	5.83	12.1	1443.6
25.90952	-80.13632	10/7/22	13:13:07	0	<None>	0.36	1.53	50814.2	-0.056	18.64	6.22	47792.2	93.8	93.8	6.17	-0.081	31.26	48086.8	0.7	1.93	31256	-0.3	0	7.84	-74.3	27.97	0.001	-0.1	5.83	12.1	1443.7
25.90954	-80.13635	10/7/22	13:13:22	0	<None>	0.39	1.65	50785.6	-0.037	19.17	6.4	47764	93.9	93.9	6.18	-0.054	31.24	48058.6	0.67	1.85	31238	-0.29	0	7.84	-74.3	27.971	-0.027	-0.3	5.83	12.1	1443.8
25.90959	-80.13637	10/7/22	13:13:37	0	<None>	0.35	1.49	50915.4	-0.033	18.77	6.26	47890	93.8	93.8	6.17	-0.047	31.33	48185	0.72	1.98	31320	-0.3	0	7.84	-74.3	27.967	-0.112	0	5.83	12.1	1443.6
25.90965	-80.13639	10/7/22	13:13:52	0	<None>	0.36	1.53	50502.8	-0.074	19.53	6.52	47502.2	95	95	6.26	-0.107	31.05	47794.7	0.65	1.78	31067	-0.32	0	7.84	-74.3	27.967	-0.064	-0.6	5.83	12.1	1443.6
25.90972	-80.13642	10/7/22	13:14:07	0	<None>	0.34	1.46	50684	-0.098	19.14	6.39	47674.4	95	95	6.26	-0.143	31.17	47967.8	0.69	1.91	31179	-0.31	0	7.84	-74.4	27.965	-0.1	-0.4	5.83	12.1	1443.6
25.90978	-80.13644	10/7/22	13:14:22	0	<None>	0.38	1.6	50915.9	-0.1	17.57	5.86	47901.3	94.7	94.7	6.23	-0.146	31.34	48195.2	0.65	1.78	31327	-0.3	0	7.85	-74.9	27.956	-0.133	-0.7	5.83	12.1	1443.6
25.90987	-80.13645	10/7/22	13:14:37	0	<None>	0.39	1.66	50410	-0.131	19.58	6.53	47411.4	94.3	94.3	6.21	-0.19	30.98	47703.7	0.68	1.88	31007	-0.29	0	7.84	-74.3	27.97	-0.235	-0.5	5.83	12.1	1443.7
25.91	-80.13645	10/7/22	13:14:52	0	<None>	0.4	1.71	50147.1	-0.193	21.32	7.11	47146.6	92.8	92.8	6.12	-0.28	30.79	47439.2	0.68	1.88	30835	-0.23	0	7.82	-73	27.989	-0.265	-0.4	5.83	12.1	1443.6
25.91014	-80.13642	10/7/22	13:15:07	0	<None>	0.39	1.65	50369.6	-0.257	21.65	7.23	47324.2	91.3	91.3	6.01	-0.372	30.92	47621.3	0.75	2.07	30954	-0.22	0	7.81	-72.4	28.022	-0.297	0	5.83	12.1	1443.6
25.91029	-80.13638	10/7/22	13:15:22	0	<None>	0.43	1.8	50253.1	-0.282	26.58	8.87	47049.4	70	70	4.61	-0.409	30.73	47362.6	0.75	2.05	30786	0.14	0	7.54	-55.8	28.199	-0.277	0.7	5.83	12.1	1443.6
25.91038	-80.13642	10/7/22	13:15:37	0	<None>	0.43	1.81	50404.5	-0.253	33.96	11.33	47056.8	64.1	64.1	4.2	-0.367	30.74	47384.7	0.92	2.53	30800	0.41	0	7.59	-59.3	28.337	-0.232	-0.1	5.83	12.1	1443.6
25.9105	-80.13643	10/7/22	13:15:52	0	<None>	0.47	1.98	50379.1	-0.234	34.46	11.49	46915.2	52.1	52.1	3.41	-0.34	30.64	47255	0.98	2.69	30716	0.67	0	7.49	-53.3	28.461	-0.281	-0.1	5.83	12.1	1443.5
25.91064	-80.13645	10/7/22	13:16:07	0	<None>	0.45	1.9	49911.5	-0.26	38.66	12.9	46455.4	48.4	48.4	3.17	-0.377	30.31	46794.5	1.1	3.01	30416	0.74	0	7.49	-53	28.487	-0.309	-0.6	5.83	12.1	1443.6
25.91079	-80.13646	10/7/22	13:16:22	0	<None>	0.45	1.89	50126.8	-0.299	37.71	12.58	46721.5	48.3	48.3	3.17	-0.433	30.5	47055.4	1.05	2.88	30586	0.71	0	7.5	-53.5	28.417	-0.299	-0.7	5.83	12.1	1443.5
25.91086	-80.13647	10/7/22	13:16:37	0	<None>	0.39	1.65	51136.8	-0.253	33.27	11.1	47826.1	53.6	53.6	3.51	-0.366	31.3	48150	0.97	2.66	31297	0.62	0	7.61	-60.5	28.246	-0.109	0.1	5.83	12.1	1443.4
25.91089	-80.13648	10/7/22	13:16:52	0	<None>	0.39	1.63	51658.9	-0.145	28.63	9.55	48367.6	52.4	52.4	3.43	-0.21	31.69	48689.4	0.96	2.63	31648	0.61	0	7.61	-60.6	28.193	0.011	0.7	5.83	12.1	1443.4
25.91088	-80.13651	10/7/22	13:17:07	0	<None>	0.39	1.66	51862.9	-0.043	27.73	9.25	48564.4	55.1	55.1	3.6	-0.062	31.84	48886.8	0.87	2.4	31776	0.58	0	7.63	-61.6	28.187	-0.066	1.3	5.83	12.1	1443.4
25.91095	-80.13658	10/7/22	13:17:22	0	<None>	0.41	1.74	50766.2	-0.079	30.82	10.28	47436	54.2	54.2	3.55	-0.114	31.02	47762	0.96	2.63	31045	0.54	0	7.6	-59.8	28.293	-0.246	2.2	5.83	12.1	1443.4
25.91107	-80.13663	10/7/22	13:17:37	0	<None>	0.43	1.81	50122.7	-0.189	32.93	10.99	46689	56.1	56.1	3.68	-0.275	30.48	47025.8	1.04	2.87	30567	0.41	0	7.57	-58.1	28.448	-0.261	0.9	5.83	12.1	1443.3
25.91109	-80.13667	10/7/22	13:17:52	0	<None>	0.41	1.71	51796.8	-0.189	28.19	9.4	48469.1	57.9	57.9	3.78	-0.273	31.77	48794.6	0.87	2.38	31716	0.49	0	7.62	-60.7	28.221	0.008	2	5.83	12.1	1443.4
25.91108	-80.13668	10/7/22	13:18:07	0	<None>	0.43	1.8	52038.3	-0.086	26.35	8.79	48753.8	57.9	57.9	3.78	-0.125	31.98	49074.8	0.96	2.63	31899	0.55	0	7.65	-62.9	28.162	0.006	0.2	5.83	12.1	1443.5
25.91107	-80.13667	10/7/22	13:18:22	0	<None>	0.39	1.64	52181	0.01	25.75	8.59	48888.8	57.7	57.7	3.77	0.014	32.08	49210.6	0.86	2.37	31987	0.61	0	7.66	-63.2	28.16	0.03	-2.3	5.83	12.1	1443.5
25.91105	-80.1367	10/7/22	13:18:37	0	<None>	0.39	1.64	52181.1	0.008	25.53	8.52	48890.1	57.4	57.4	3.75	0.012	32.08	49211.7	0.79	2.18	31988	0.6	0	7.66	-63.3	28.159	-0.011	-1.9	5.83	12.1	1443.5
25.91104	-80.13672	10/7/22	13:18:52	0	<None>	0.44	1.84	51996.5	-0.003	26.57	8.86	48703.2	56.8	56.8	3.71	-0.005	31.94	49025.1	0.82	2.27	31866	0.64	0	7.65	-62.8	28.173	-0.009	-0.4	5.83	12.1	1443.5
25.91107	-80.13675	10/7/22	13:19:07	0	<None>	0.42	1.76	51470.4	-0.022	29.14	9.72	48214.1	52.2	52.2	3.42	-0.032	31.58	48532.4	0.89	2.44	31546	0.66	0	7.63	-61.4	28.169	-0.163	0.9	5.83	12.1	1443.6
25.9111	-80.13675	10/7/22	13:19:22	0	<None>	0.46	1.95	51248.8	-0.036	31.32	10.45	47996.4	53.4	53.4	3.5	-0.052	31.42	48314.3	1.04	2.87	31404	0.72	0	7.59	-59.2	28.18	0.006	-0.7	5.83	12.1	1443.8
25.91116	-80.13679	10/7/22	13:19:37	0	<None>	0.44	1.86	50599.2	-0.082	32.86	10.96	47267.5	45.9	45.9	3.01	-0.119	30.89	47593.7	1.06	2.9	30936	0.69	0	7.45	-50.7	28.306	-0.238	0.6	5.83	12.1	1443.7
25.91123	-80.13685	10/7/22	13:19:52	0	<None>	0.43	1.82	50346.5	-0.123	36.1	12.04	46820.4	49.6	49.6	3.25	-0.178	30.58	47166.6	0.99	2.71	30658	0.67	0	7.5	-53.7	28.53	-0.201	0.8	5.83	12.1	1443.8
25.91134	-80.13683	10/7/22	13:20:07	0	<None>	0.43	1.83	50408.9	-0.192	32.07	10.7	46728.6	47.5	47.5	3.1	-0.278	30.52	47090.6	0.91	2.5	30609	0.51	0	7.54	-56	28.689	-0.224	-1.2	5.83	12.1	1444
25.91145	-80.13679	10/7/22	13:20:22	0	<None>	0.49	2.08	49385.6	-0.208	44.83	14.95	46199.2	35.2	35.2	2.32	-0.301	30.11	46510.9	1.07	2.94	30232	1.16	0	7.41	-48.4	28.233	-0.257	-1.3	5.83	12.1	1444.1
25.91158	-80.13673	10/7/22	13:20:37	0	<None>	0.5	2.12	49104	-0.245	44.84	14.95	45911.4	35.8	35.8	2.36	-0.355	29.9	46223.8	1.16	3.19	30045	1.11	0	7.41	-48.2	28.261	-0.258	-3.5	5.83	12.1	1444.2
25.91168	-80.13673	10/7/22	13:20:52	0	<None>	0.5	2.1	50212.4	-0.231	41.57	13.86	47076.6	38.4	38.4	2.53	-0.335	30.74	47382.9	1.17	3.2	30799	0.96	0	7.51	-54.4	28.125	-0.108	-3	5.83	12.1	1444.2
25.91174	-80.13678	10/7/22	13:21:07	0	<None>	0.46	1.92	50241.7	-0.209	37.81	12.61	47131.7	39	39	2.57	-0.303	30.78	47435.4	1.07	2.93	30833	0.86	0	7.5	-53.9	28.099	-0.291	0.3	5.83	12.1	1444.4
25.91177	-80.13683	10/7/22	13:21:22	0	<None>	0.45	1.9	50493.3	-0.181	37.74	12.59	47346.3	40.4	40.4	2.66	-0.263	30.94	47653.7	1	2.74	30975	0.75	0	7.49	-53	28.119	-0.092	0.7	5.83	12.1	1444.5
25.91178	-80.13683	10/7/22	13:21:37	0	<None>	0.48	2.04	51490.9	-0.157	31.41	10.48	48294.2	44.1	44.1	2.89	-0.228	31.64	48606.4	1.07	2.93	31594	0.86	0	7.56	-57.4	28.107	-0.068	-1.3	5.83	12.1	1444.5
25.9118	-80.13683	10/7/22	13:21:52	0	<None>	0.45	1.91	51313.5	-0.092	31.91	10.64	48154.8	45.3	45.3	2.97	-0.134	31.53	48463.2	1.02	2.82	31501	0.86	0	7.57	-58.1	28.079	-0.146	-3.3	5.83	12.1	1444.6
25.91185	-80.13688	10/7/22	13:22:07	0	<None>	0.48	2.01	50406.7	-0.144	37.3	12.44	47358.9	41.5	41.5	2.73	-0.209	30.95	47656.2	1.01	2.77	30977	0.78	0	7.52	-55.1	28.022	-0.256	-2.4	5.83	12.1	1444.5
25.91194	-80.13694	10/7/22	13:22:22	0	<None>	0.44	1.88	49532.8	-0.231	39.38	13.14	46336.2	46.1	46.1	3.04	-0.334	30.21	46648.9	0.87	2.4	30322	0.54	0	7.48	-52.2	28.239	-0.297	-2.2	5.83	12.1	1444.6
25.91202	-80.137	10/7/22	13:22:37	0	<None>	0.38	1.61	49162.1	-0.28	37.85	12.63	46024.3	49	49	3.24	-0.405	29.98	46331.1	0.78	2.13	30115	0	0	7.48	-52.2	28.197	-0.294	-1.8	5.83	12.1	1444.8
25.91211	-80.13708	10/7/22	13:22:52	0	<None>	0.4	1.68	49243.1	-0.297	36.65	12.22	46153.2	50.1	50.1	3.31	-0.43	30.07	46455.1	0.8	2.19	30196	0.04	0	7.49	-53.1	28.141	-0.301	0.5	5.83	12.1	1444.9
25.91219	-80.13716	10/7/22	13:23:07	0	<None>	0.41	1.75	49796	-0.294	38	12.67	46808.7	43	43	2.84	-0.426	30.54	47100	0.91	2.5	30615	0.44	0	7.49	-52.8	27.997	-0.29	1.5	5.83	12.1	1445.1
25.91227	-80.13721	10/7/22	13:23:22	0	<None>	0.45	1.88	49000	-0.289	38.83	12.95	45966.8	44.6	44.6	2.95	-0.418	29.93	46263	0.85	2.34	30071	0.1	0	7.47	-51.7	28.097	-0.272	0.3	5.83	12.1	1445.1
25.91234	-80.13727	10/7/22	13:23:37	0	<None>	0.48	2.03	48395.9	-0.277	43.57	14.53	45381.9	39.7	39.7	2.63	-0.401	29.51	45676.3	0.97	2.67	29690	0.49	0	7.41	-48.3	28.117	-0.266	0	5.83	12.1	1445.1
25.91242	-80.13734	10/7/22	13:23:52	0	<None>	0.5	2.12	48243.9	-0.282	48.12	16.05	45268.1	33.4	33.4	2.22	-0.408	29.42	45558.7	1.09	3	29613	0.87	0	7.36	-45.2	28.086	-0.289	0.3	5.83	12.1	1445.4
25.91249	-80.13739	10/7/22	13:24:07	0	<None>	0.57	2.41	48558.2	-0.285	50.97	17	45642.7	25.6	25.6	1.7	-0.412	29.69	45927.1	1.21	3.31	29853	1.39	0	7.33	-43.6	27.999	-0.265	0.6	5.83	12.1	1445.3
25.91259	-80.13746	10/7/22	13:24:22	0	<None>	0.6	2.53	48573.8	-0.306	52.4	17.47	45685.5	23.3	23.3	1.55	-0.443	29.72	45967.1	1.36	3.74	29879	1.43	0	7.33	-43.1	27.969	-0.344	0.7	5.83	12.1	1445.5
25.91267	-80.13752	10/7/22	13:24:37	0	<None>	0.52	2.2	48488.2	-0.309	50.97	17	45620.2	29.6	29.6	1.96	-0.448	29.67	45899.7	1.3	3.56	29835	1.33	0	7.34	-43.6	27.953	-0.341	-0.8	5.83	12.1	1445.7
25.91271	-80.13759	10/7/22	13:24:52	0	<None>	0.52	2.21	48948.6	-0.289	48.71	16.24	46016.9	27.3	27.3	1.81	-0.418	29.97	46302.8	1.18	3.24	30097	1.19	0	7.35	-44.7	27.99	-0.187	-0.9	5.83	12.1	1445.8
25.91273	-80.13766	10/7/22	13:25:07	0	<None>	0.6	2.5	48712.7	-0.26	51.8	17.28	45918.1	21.5	21.5	1.43	-0.377	29.89	46190.2	1.43	3.92	30024	1.53	0	7.36	-45.1	27.858	-0.287	-0.4	5.83	12.1	1445.8
25.91273	-80.13774	10/7/22	13:25:22	0	<None>	0.6	2.53	48650.8	-0.221	54.37	18.13	45883.6	20.1	20.1	1.34	-0.32	29.86	46152.9	1.52	4.18	29999	1.6	0	7.41	-48.1	27.834	-0.084	-2.1	5.83	12.1	1446
25.91272	-80.13776	10/7/22	13:25:37	0	<None>	0.58	2.42	49888.8	-0.19	47.22	15.75	47078	26.1	26.1	1.73	-0.276	30.73	47351.5	1.38	3.8	30778	1.42	0	7.42	-48.6	27.805	-0.173	-3.3	5.83	12.1	1446
25.91275	-80.13783	10/7/22	13:25:52	0	<None>	0.55	2.3	49943.5	-0.169	45.04	15.02	47041.3	29	29	1.92	-0.245	30.71	47324	1.11	3.04	30761	1.15	0	7.42	-49	27.898	-0.229	-2.4	5.83	12.1	1446.1
25.90952	-80.13628	10/7/22	13:06:02	0	<None>	4.49	18.59	56083.7	5.375	6.12	2.05	52795.6	95	95	6.13	7.815	34.96	53115.9	42.63	116.67	34525	490.42	0	7.93	-79.3	27.925	5.357	2.6	5.83	12.1	1443.9
25.90949	-80.13631	10/7/22	13:06:17	0	<None>	3.27	13.56	55920.9	5.361	0.65	0.22	52622.3	50.5	50.5	3.26	7.795	34.83	52943.7	27.06	74.06	34413	304.33	0	7.64	-62	27.944	5.311	1.8	5.83	12.1	1443.9
25.90947	-80.13634	10/7/22	13:06:32	0	<None>	6.43	26.62	54126.6	5.352	-0.46	-0.15	50863.5	19.3	19.3	1.25	7.774	33.53	51181.8	31.05	84.98	33268	295.22	0	7.47	-51.7	28.012	5.349	2.1	5.83	12.1	1443.9
25.90945	-80.13635	10/7/22	13:06:47	0	<None>	3.53	14.61	52405	5.352	-0.39	-0.12	49245.8	12.1	12.1	0.79	7.767	32.33	49554	25.48	69.76	32210	291.24	0	7.46	-50.9	28.012	5.372	2.6	5.83	12.1	1443.9
25.90943	-80.13634	10/7/22	13:07:02	0	<None>	8.86	36.67	51909.1	5.363	-0.42	-0.13	48780.2	9.7	9.7	0.64	7.781	31.99	49085.5	23.83	65.23	31906	292.68	0	7.44	-50.2	28.012	5.355	2.5	5.83	12.1	1443.9
25.90939	-80.13637	10/7/22	13:07:17	0	<None>	2.73	11.3	55881.6	5.319	-0.64	-0.21	52590.8	41.3	41.3	2.67	7.734	34.81	52911.5	24.3	66.5	34392	773.84	0	7.69	-65.2	27.939	5.341	2.6	5.83	12.1	1443.9
25.90939	-80.13639	10/7/22	13:07:32	0	<None>	2.94	12.21	55691.1	5.322	-0.44	-0.14	52343.6	14.3	14.3	0.92	7.737	34.63	52670.1	22.45	61.45	34236	273.79	0	7.63	-61.3	28.003	5.366	2.5	5.83	12.1	1443.9
25.90939	-80.13641	10/7/22	13:07:47	0	<None>	7.57	31.31	55119.9	5.342	-0.32	-0.1	51814.4	37.6	37.6	2.43	7.763	34.23	52136.7	53.35	146.01	33889	1942.9	0	7.78	-70.5	27.996	5.27	3.3	5.83	12.1	1443.8
25.90938	-80.13642	10/7/22	13:08:02	0	<None>	0.55	2.29	55973.2	4.289	5.31	1.78	52741.6	88.3	88.3	5.71	6.237	34.92	53056.3	0.66	1.81	34487	792.52	0	7.93	-79.8	27.878	4.319	2.9	5.83	12.1	1443.8
25.90937	-80.13644	10/7/22	13:08:17	0	<None>	1.03	4.3	55484.1	3.076	6.62	2.21	52546.3	96.1	96.1	6.23	4.473	34.76	52831.4	2.48	6.8	34340	171.03	0	7.95	-80.9	27.629	3.111	2.9	5.83	12.1	1443.8
25.90935	-80.13647	10/7/22	13:08:32	0	<None>	0.3	1.27	55198	3.084	5.52	1.85	52429	98	98	6.38	4.484	34.66	52697.2	0.88	2.41	34253	27.95	0	7.97	-81.7	27.485	3.02	3.5	5.83	12.1	1443.8
25.90933	-80.13649	10/7/22	13:08:47	0	<None>	0.44	1.88	55116.5	1.974	5.59	1.87	52387.9	99.4	99.4	6.47	2.87	34.63	52652.1	1.32	3.63	34224	17.05	0	7.97	-82	27.451	2.02	4.4	5.83	12.1	1443.9
25.90933	-80.13651	10/7/22	13:09:02	0	<None>	0.31	1.31	55276.1	2.098	5.93	1.98	52330.4	99.9	99.9	6.49	3.051	34.6	52616.4	0.89	2.46	34201	10.56	0	7.97	-81.7	27.647	2.407	4.2	5.83	12.1	1443.7
25.90932	-80.13654	10/7/22	13:09:17	0	<None>	0.25	1.07	55258.2	2.049	5.68	1.9	52320.4	100	100	6.5	2.979	34.59	52605.6	0.6	1.64	34194	0.91	0	7.96	-81.6	27.64	1.535	4	5.83	12.1	1443.8
25.90931	-80.13656	10/7/22	13:09:32	0	<None>	0.21	0.92	55355	1.868	5.83	1.95	52264	100.5	100.5	6.52	2.716	34.55	52564.6	0.49	1.36	34167	0.1	0	7.96	-81.5	27.779	1.523	4	5.83	12.1	1443.6
25.90929	-80.13658	10/7/22	13:09:47	0	<None>	0.29	1.24	54351.1	0.899	7.96	2.66	51279.7	98.4	98.4	6.4	1.307	33.83	51578.5	0.55	1.52	33526	2.76	0	7.95	-80.7	27.814	1.399	4.2	5.83	12.1	1443.6
25.90928	-80.1366	10/7/22	13:10:02	0	<None>	0.22	0.94	54889.5	1.244	6.77	2.27	51917.7	100.9	100.9	6.56	1.808	34.29	52206.4	0.49	1.36	33934	0.29	0	7.95	-80.9	27.691	0.903	4.2	5.83	12.1	1443.7
25.90927	-80.13663	10/7/22	13:10:17	0	<None>	0.34	1.46	53191.6	0.363	11.14	3.68	50086.6	95.5	95.5	6.23	0.527	32.95	50389.1	0.64	1.76	32753	0.07	0	7.92	-79.1	27.913	0.39	4.1	5.83	12.1	1443.6
25.90926	-80.13664	10/7/22	13:10:32	0	<None>	0.4	1.67	51044.4	0.226	17.19	5.74	48050.2	94.5	94.5	6.22	0.327	31.45	48342	0.7	1.93	31422	0.11	0	7.86	-75.6	27.927	-0.043	2.9	5.83	12.1	1443.6
25.90981	-80.13625	10/7/22	13:03:13	0	<None>	5.55	22.96	56069.7	5.213	6.08	2.03	52788.7	91.5	91.5	5.9	7.58	34.95	53108.3	21.12	57.82	34520	328.47	0	7.9	-77.5	27.919	5.21	1.1	5.83	12.1	1443.8
25.90982	-80.13626	10/7/22	13:03:28	0	<None>	4.3	17.82	56068.9	5.211	5.86	1.96	52786.3	91.6	91.6	5.91	7.577	34.95	53106.1	15.46	42.31	34519	558.19	0	7.92	-78.9	27.921	5.206	1.8	5.83	12.1	1443.8
25.90981	-80.13627	10/7/22	13:03:43	0	<None>	5.36	22.2	56061.4	5.21	7.12	2.38	52773.4	91.4	91.4	5.9	7.576	34.94	53093.8	32.09	87.83	34511	314.74	0	7.67	-63.7	27.926	5.184	2.6	5.83	12.1	1443.9
25.90979	-80.13628	10/7/22	13:03:58	0	<None>	2.88	11.95	55997	5.202	2.74	0.92	52697.8	91.2	91.2	5.89	7.564	34.89	53019.3	24.41	66.82	34463	304.7	0	7.42	-49	27.94	5.217	2.2	5.83	12.1	1443.9
25.90978	-80.13627	10/7/22	13:04:13	0	<None>	0.4	1.71	55570.1	0.589	3.51	1.18	52404	92.9	92.9	6.01	0.857	34.66	52712.1	1.67	4.59	34263	650.08	0	7.94	-79.9	27.839	0.888	1.4	5.83	12.1	1444.1
25.90978	-80.13709	10/7/22	12:58:14	0	<None>	0.35	1.48	50161	-0.356	21.92	7.31	47287.3	99.1	99.1	6.55	-0.516	30.89	47567	0.74	2.03	30919	3.13	0	7.81	-72.6	27.855	-0.285	2.6	5.83	12.1	1443
25.90977	-80.13709	10/7/22	12:58:29	0	<None>	0.4	1.69	50224.6	-0.281	21.77	7.26	47329.2	92.4	92.4	6.1	-0.408	30.92	47611.2	0.74	2.03	30947	-0.15	0	7.81	-72.3	27.874	-0.198	1.5	5.83	12.1	1442.9
25.90976	-80.13709	10/7/22	12:58:44	0	<None>	0.39	1.65	51463.1	-0.107	19.54	6.52	48496.8	90.7	90.7	5.96	-0.156	31.77	48785.6	0.82	2.25	31711	-0.1	0	7.82	-72.9	27.873	0.004	1.1	5.83	12.1	1442.9
25.90974	-80.13708	10/7/22	12:58:59	0	<None>	0.45	1.88	51256.9	-0.005	19.4	6.47	48291.3	90.1	90.1	5.92	-0.008	31.62	48580.1	0.85	2.33	31577	-0.13	0	7.82	-73.1	27.885	-0.072	1	5.83	12.1	1443.1
25.90977	-80.137	10/7/22	12:59:14	0	<None>	0.38	1.6	50076	-0.064	21.62	7.21	47170.5	89.5	89.5	5.91	-0.092	30.8	47453.5	0.8	2.2	30845	-0.15	0	7.81	-72.2	27.893	-0.164	1.1	5.83	12.1	1443.1
25.90982	-80.13692	10/7/22	12:59:29	0	<None>	0.38	1.63	49927.4	-0.15	22.09	7.37	47044.8	91.3	91.3	6.04	-0.217	30.71	47325.5	0.76	2.1	30762	-0.22	0	7.81	-72.3	27.878	-0.159	1.2	5.83	12.1	1443
25.90987	-80.13683	10/7/22	12:59:44	0	<None>	0.36	1.55	49961	-0.194	22.01	7.34	47072.9	91.5	91.5	6.05	-0.282	30.73	47354.1	0.75	2.07	30780	-0.21	0	7.81	-72.4	27.882	-0.241	1.6	5.83	12.1	1443.2
25.90991	-80.13673	10/7/22	12:59:59	0	<None>	0.42	1.79	50040.7	-0.208	21.77	7.26	47143.1	91.4	91.4	6.04	-0.301	30.78	47425.3	0.75	2.08	30826	-0.23	0	7.81	-72.5	27.887	-0.203	1.1	5.83	12.1	1443.1
25.90993	-80.13662	10/7/22	13:00:14	0	<None>	0.36	1.53	50266.6	-0.215	20.99	7.01	47365.2	91.8	91.8	6.06	-0.312	30.94	47647.7	0.7	1.92	30971	-0.27	0	7.82	-72.9	27.877	-0.224	0.1	5.83	12.1	1443.2
25.90995	-80.13652	10/7/22	13:00:29	0	<None>	0.39	1.64	50501.5	-0.206	20.03	6.68	47596.9	93.5	93.5	6.17	-0.299	31.11	47879.7	0.64	1.77	31122	-0.27	0	7.84	-73.8	27.867	-0.196	0	5.83	12.1	1443.3
25.90998	-80.13646	10/7/22	13:00:44	0	<None>	0.4	1.68	50162.6	-0.176	20.66	6.9	47269.4	93.2	93.2	6.16	-0.255	30.87	47551.2	0.74	2.02	30908	-0.25	0	7.83	-73.7	27.875	-0.213	0.5	5.83	12.1	1443.5
25.90996	-80.13639	10/7/22	13:00:59	0	<None>	0.4	1.71	50156.2	-0.148	20.91	6.98	47254.2	92.7	92.7	6.12	-0.214	30.86	47536.8	0.72	1.98	30899	-0.27	0	7.82	-73.2	27.885	-0.065	0.9	5.83	12.1	1443.5
25.90993	-80.13634	10/7/22	13:01:14	0	<None>	0.42	1.78	50496.3	-0.113	19.73	6.59	47579	92.7	92.7	6.11	-0.163	31.1	47863.1	0.72	1.98	31111	-0.27	0	7.83	-73.6	27.88	-0.183	0.8	5.83	12.1	1443.5
25.9099	-80.13625	10/7/22	13:01:29	0	<None>	0.37	1.58	50121	-0.13	20.75	6.92	47227.2	93.5	93.5	6.18	-0.188	30.84	47509	0.7	1.92	30881	-0.26	0	7.83	-73.7	27.878	-0.195	0.6	5.83	12.1	1443.6
25.90987	-80.13619	10/7/22	13:01:44	0	<None>	0.41	1.74	50161	-0.143	20.26	6.76	47268.6	94.2	94.2	6.22	-0.208	30.87	47550.3	0.7	1.94	30908	-0.3	0	7.83	-73.8	27.875	0.001	0.6	5.83	12.1	1443.7
25.90708	-80.13725	10/7/22	12:46:50	0	<None>	0.2	0.87	54840.4	1.609	6.69	2.24	51975	102.8	102.8	6.69	2.338	34.33	52253	0.32	0.88	33964	-0.2	0	7.96	-81.3	27.593	1.596	1.2	5.82	12.1	1445.8
25.90709	-80.13725	10/7/22	12:47:05	0	<None>	0.24	1.01	54506.6	1.606	7.48	2.5	51686.3	102.7	102.7	6.7	2.335	34.11	51959.8	0.35	0.97	33774	-0.31	0	7.96	-81.2	27.566	1.513	3.1	5.82	12.1	1445.7
25.9071	-80.13718	10/7/22	12:47:20	0	<None>	0.37	1.56	51299.2	1.255	13.72	4.58	48594.1	94.8	94.8	6.26	1.821	31.83	48856.6	0.63	1.73	31757	-0.24	0	7.88	-76.4	27.618	1.452	2.3	5.83	12.1	1445.8
25.90713	-80.13712	10/7/22	12:47:35	0	<None>	0.36	1.54	50009.2	1.206	14.18	4.74	47376.7	94.3	94.3	6.25	1.749	30.94	47632.1	0.64	1.76	30961	-0.32	0	7.83	-73.5	27.612	0.706	-0.2	5.83	12.1	1445.9
25.90721	-80.13708	10/7/22	12:47:50	0	<None>	0.45	1.9	49963.7	0.973	21.18	7.07	47380.2	93.6	93.6	6.22	1.411	30.94	47630.7	0.94	2.6	30960	-0.27	0	7.83	-73.4	27.567	0.955	-0.7	5.83	12.1	1445.9
25.90727	-80.13705	10/7/22	12:48:05	0	<None>	0.27	1.16	54568.4	0.91	12.13	4.05	51616.1	99.9	99.9	6.5	1.322	34.07	51902.8	0.7	1.94	33737	-0.3	0	7.95	-80.7	27.689	0.988	-1.8	5.83	12.1	1445.8
25.90735	-80.13702	10/7/22	12:48:20	0	<None>	0.32	1.38	53901.8	1	9.53	3.19	50982.9	100.7	100.7	6.57	1.454	33.6	51266.4	0.51	1.41	33323	-0.29	0	7.94	-80	27.692	0.831	-2.8	5.83	12.1	1445.8
25.90744	-80.13699	10/7/22	12:48:35	0	<None>	0.41	1.72	50979	0.868	18.7	6.24	48041.1	90.8	90.8	5.98	1.258	31.44	48327.2	0.72	1.97	31413	-0.18	0	7.8	-71.7	27.873	0.583	-3.7	5.83	12.1	1445.8
25.9075	-80.13697	10/7/22	12:48:50	0	<None>	0.28	1.2	53463.1	0.788	14.31	4.78	50507.2	97.4	97.4	6.36	1.144	33.25	50794.5	0.61	1.68	33016	-0.25	0	7.91	-78.6	27.751	0.665	-1.2	5.83	12.1	1445.8
25.90758	-80.13696	10/7/22	12:49:05	0	<None>	0.36	1.51	52582.9	0.725	14.53	4.85	49575.2	93.5	93.5	6.12	1.053	32.57	49868	0.66	1.81	32414	-0.24	0	7.88	-76.5	27.85	0.594	-2.3	5.83	12.1	1445.7
25.9077	-80.13698	10/7/22	12:49:20	0	<None>	0.38	1.62	51551.3	0.587	18.29	6.11	48454.2	87.6	87.6	5.75	0.852	31.75	48756.2	0.75	2.08	31692	-0.14	0	7.82	-72.8	28.001	0.317	-1.3	5.83	12.1	1445.6
25.90776	-80.13695	10/7/22	12:49:35	0	<None>	0.25	1.07	53972.4	1.333	12.34	4.12	50994.1	97.3	97.3	6.35	1.937	33.61	51283.6	0.6	1.65	33334	-0.21	0	7.93	-79.7	27.744	1.19	0.2	5.83	12.1	1445.4
25.90785	-80.13696	10/7/22	12:49:50	0	<None>	0.37	1.55	52272.2	0.808	14.42	4.81	49259.6	92.3	92.3	6.05	1.173	32.33	49553	0.71	1.94	32209	-0.18	0	7.88	-76.7	27.875	0.743	1.1	5.83	12.1	1445.4
25.90794	-80.13699	10/7/22	12:50:05	0	<None>	0.38	1.6	51941.3	0.744	17.89	5.97	48876.2	89.8	89.8	5.88	1.079	32.06	49174.9	0.73	2	31964	-0.15	0	7.83	-73.4	27.944	0.777	0.7	5.83	12.1	1445.4
25.90804	-80.137	10/7/22	12:50:20	0	<None>	0.38	1.62	52711.8	0.677	15.25	5.09	49693	94.4	94.4	6.18	0.983	32.65	49986.9	0.68	1.86	32491	-0.18	0	7.85	-75	27.855	0.34	2.5	5.83	12.1	1445.1
25.90818	-80.137	10/7/22	12:50:35	0	<None>	0.38	1.59	50704.4	0.485	20.67	6.9	47664.5	90.2	90.2	5.94	0.703	31.17	47960.9	0.71	1.96	31175	-0.22	0	7.82	-72.9	27.995	0.155	1.6	5.83	12.1	1445
25.9083	-80.13699	10/7/22	12:50:50	0	<None>	0.38	1.62	51001.6	0.307	19.97	6.67	47983.8	90.3	90.3	5.94	0.445	31.4	48278	0.64	1.75	31381	-0.23	0	7.81	-72.3	27.954	0.19	1.2	5.83	12.1	1444.8
25.90846	-80.13696	10/7/22	12:51:05	0	<None>	0.43	1.8	50506	0.223	20.65	6.89	47519.3	91.4	91.4	6.03	0.324	31.06	47810.4	0.76	2.08	31077	-0.24	0	7.81	-72.5	27.952	0.163	1.1	5.83	12.1	1444.8
25.9086	-80.13699	10/7/22	12:51:20	0	<None>	0.4	1.7	50697.1	0.198	20.68	6.9	47672.2	90.1	90.1	5.93	0.288	31.17	47967.1	0.78	2.14	31179	-0.19	0	7.81	-72	27.979	0.223	1.5	5.83	12.1	1444.7
25.90869	-80.13699	10/7/22	12:51:35	0	<None>	0.28	1.19	53927.6	0.652	13	4.34	50929.2	97.9	97.9	6.38	0.947	33.56	51220.7	0.57	1.56	33293	-0.3	0	7.93	-79.3	27.767	0.501	1.2	5.83	12.1	1444.6
25.90881	-80.13701	10/7/22	12:51:50	0	<None>	0.42	1.78	51157.3	0.467	16.98	5.67	48156.3	90.8	90.8	5.97	0.677	31.53	48448.7	0.69	1.89	31492	-0.16	0	7.81	-72.4	27.927	0.568	0.5	5.83	12.1	1444.4
25.90892	-80.13704	10/7/22	12:52:05	0	<None>	0.38	1.62	52071.6	0.476	17.21	5.74	49069.2	92.4	92.4	6.06	0.691	32.19	49361.6	0.66	1.83	32085	-0.24	0	7.84	-74.1	27.874	0.268	0.8	5.83	12.1	1444.4
25.90907	-80.13708	10/7/22	12:52:20	0	<None>	0.42	1.79	50021.9	0.351	20.62	6.88	47194.9	93.3	93.3	6.17	0.509	30.82	47470	0.78	2.15	30855	-0.3	0	7.83	-73.8	27.815	0.169	1.4	5.83	12.1	1444.3
25.9092	-80.13713	10/7/22	12:52:35	0	<None>	0.37	1.57	50988.1	0.221	19.84	6.62	48052.4	91.5	91.5	6.03	0.321	31.45	48338.2	0.78	2.16	31420	-0.21	0	7.83	-73.2	27.87	0.123	0.5	5.83	12.1	1444
